Sale_ID,Item,Quantity
900391,458,2
900391,115,1
900391,319,2
900391,110,2
900859,443,1
900859,411,3
900859,419,2
900859,451,3
900859,309,3
900859,104,1
900859,0140442375,1
900859,1598163175,1
900442,116,2
900442,304,2
900442,074328500X,1
900442,0192839659,1
900442,0553587064,1
900993,335,3
900993,349,3
900993,450,2
900993,0812970039,1
900279,414,3
900262,361,2
900262,442,3
900262,458,3
900262,113,1
900262,341,2
900262,314,2
900262,0330347764,2
900262,2070709043,3
900506,113,2
900506,412,2
900506,0521618754,1
900981,346,2
900981,371,1
900981,0385486804,1
900981,0295979844,1
900981,0446612545,1
900706,381,2
900706,384,2
900706,366,2
900706,0312155611,1
900409,328,1
900409,108,3
900409,314,2
900409,377,3
900409,0743275063,1
900110,309,3
900110,0736913823,1
900903,337,3
900903,440,1
900903,423,3
900903,427,2
900903,361,1
900903,1931082634,1
900750,106,3
900750,0142402494,2
900750,0380405199,2
900836,380,2
900127,331,2
900127,122,2
900127,0394846974,2
900127,1421506130,1
900127,0553804790,1
900852,120,1
900852,436,1
900852,346,3
900852,335,3
900852,340,1
900852,429,2
900438,431,1
900438,427,1
900438,445,2
900438,1573226882,1
900438,0765311402,1
900937,321,1
900937,411,1
900937,372,3
900937,429,2
900937,455,1
900937,047004604X,1
900751,303,1
900751,341,1
900751,347,3
900751,0805212078,1
900751,0060845309,1
900570,406,1
900570,0743491564,1
900570,0553382047,1
900982,332,2
900982,337,3
900982,331,3
900982,344,1
900982,425,2
900982,351,3
900982,1841156736,2
900982,0521476763,1
900982,1400034620,1
900283,385,2
900283,327,1
900283,0394417755,1
900283,067401829X,2
900283,0345471830,1
900778,320,3
900778,449,1
900778,1400079373,1
900778,0606105263,1
900879,428,3
900879,0751536822,1
900521,459,2
900521,410,2
900521,302,2
900521,435,2
900521,082543632X,1
900521,0679737316,2
900521,3485009024,2
900813,375,3
900813,368,2
900813,0553588044,3
900349,311,2
900349,106,1
900936,423,2
900936,332,1
900936,421,2
900936,437,2
900936,441,1
900936,382,3
900363,305,3
900363,328,1
900363,434,2
900363,426,3
900363,0394729641,3
900608,379,2
900608,446,1
900608,0312291566,1
900322,353,1
900322,318,3
900322,312,3
900322,338,1
900322,455,3
900322,048645049X,1
900322,1419542249,3
900120,450,3
900120,0275942694,1
900120,0451203054,1
900120,0140275657,1
900645,305,3
900645,408,2
900645,435,3
900645,341,2
900645,446,2
900645,367,1
900645,1593854463,1
900645,0345355245,1
900645,0743255488,3
900229,430,3
900229,367,2
900229,359,3
900229,346,2
900229,423,1
900229,363,2
900229,0375823611,1
900530,459,3
900530,301,3
900530,422,2
900530,342,1
900530,1559210869,1
900530,0689869207,1
900153,307,3
900153,336,2
900153,332,1
900153,0802135781,3
900153,8172235224,3
900631,421,3
900631,119,1
900631,302,1
900631,0380731959,1
900631,0060759259,2
900631,0316000612,1
900890,325,1
900212,401,3
900212,0380000369,1
900212,0974607894,1
900211,418,2
900211,0060502959,2
900211,0440241413,1
900211,0061124265,3
900924,408,1
900924,405,2
900924,111,2
900924,103,1
900924,359,3
900924,309,3
900924,0820321753,1
900164,456,2
900164,104,3
900164,450,3
900164,409,1
900164,372,1
900164,0805073663,1
900122,365,2
900122,457,2
900122,410,2
900122,376,2
900122,450,1
900615,374,1
900615,117,2
900615,456,2
900615,107,2
900615,320,1
900615,371,3
900615,015602764X,1
900615,0140445501,1
900674,457,1
900674,321,2
900674,116,3
900674,315,2
900674,385,1
900674,039396292X,1
900674,0140157514,1
900674,0446605166,1
900710,117,2
900710,125,2
900710,454,2
900710,302,3
900710,1593080182,1
900485,458,3
900485,344,3
900485,347,3
900485,454,2
900485,442,3
900485,314,3
900840,122,2
900840,124,1
900840,0307265781,1
900848,310,2
900848,370,1
900848,100,2
900848,1593357389,1
900848,0425147517,1
900621,404,3
900621,325,3
900621,423,3
900621,0743497287,1
900845,428,2
900845,342,3
900845,320,1
900845,380,1
900845,443,3
900845,1888297018,3
900473,365,2
900473,382,3
900473,383,1
900473,407,1
900473,0345450396,1
900473,0312313640,1
900255,369,1
900255,302,2
900255,362,3
900255,309,1
900421,433,3
900421,321,3
900421,0374521026,1
900598,349,3
900598,123,3
900822,443,2
900822,311,2
900822,419,1
900822,428,1
900822,106,1
900822,436,3
900822,0345461274,1
900295,116,2
900295,314,1
900295,304,3
900295,383,2
900295,338,2
900295,0345376048,1
900427,409,1
900427,0679760237,1
900427,0061120251,1
900440,439,3
900440,0061094234,1
900440,0674992555,1
900440,0596007191,3
900975,455,3
900975,319,2
900975,336,2
900975,432,3
900401,385,2
900401,0618391010,2
900401,0896892026,1
900401,0140447261,1
900594,443,3
900594,330,1
900594,376,2
900594,0316955124,1
900594,0394431243,1
900594,0553493841,1
900130,424,1
900130,341,2
900130,102,3
900130,0743284283,1
900130,0142302333,1
900637,125,1
900637,112,2
900637,306,2
900637,378,2
900637,045052468X,1
900637,006114004X,2
900575,408,2
900575,113,1
900575,329,2
900575,447,3
900575,0452266629,1
900311,349,3
900311,439,1
900311,313,1
900311,332,2
900311,1575667215,1
900946,304,2
900946,330,1
900946,317,3
900946,356,2
900946,327,2
900946,450,3
900946,1401301886,2
900946,1400030773,1
900155,328,1
900482,376,2
900482,417,3
900482,106,2
900482,112,2
900482,340,1
900482,0553233505,1
900482,0806114568,1
900482,0472080520,2
900699,300,1
900699,326,2
900699,0965307794,1
900699,1572705647,1
900272,330,2
900272,349,2
900272,106,2
900980,328,2
900980,120,1
900980,0345476980,1
900980,0842386882,1
900701,323,1
900701,433,3
900701,307,3
900701,326,2
900701,321,1
900701,1571740562,3
900701,006112009X,1
900177,322,3
900177,353,3
900177,0393310329,1
900177,0521750342,3
900177,0156028417,1
900760,115,2
900838,430,3
900838,326,3
900838,103,3
900838,354,2
900838,454,2
900838,0140444432,2
900590,403,1
900590,0755323009,1
900590,8408041258,1
900294,445,1
900294,425,2
900294,355,3
900294,360,3
900294,318,2
900294,364,2
900294,1931082634,1
900507,431,1
900507,372,2
900507,113,2
900698,117,2
900698,440,1
900698,124,1
900698,0765345013,1
900698,0933121180,1
900698,0441013724,1
900810,438,3
900810,437,1
900810,315,3
900810,0915144220,1
900810,0140447806,1
900248,386,2
900248,320,1
900248,435,3
900248,313,3
900248,402,2
900248,365,1
900248,0735200300,1
900248,0060738251,1
900248,0142003719,3
900445,373,3
900445,361,1
900445,114,1
900445,425,3
900548,411,1
900548,359,3
900548,100,2
900548,362,2
900548,432,3
900548,124,3
900548,0972018417,3
900548,0313309337,1
900548,0141012250,1
900406,439,2
900406,111,3
900406,406,1
900406,343,1
900406,408,1
900406,174104295X,1
900406,1412086531,3
900406,1416534423,1
900537,434,1
900537,300,1
900537,455,3
900537,354,2
900683,380,2
900683,375,2
900683,0345483898,1
900683,1860467210,2
900336,366,2
900336,370,1
900336,102,1
900336,0195117956,1
900259,378,2
900259,416,2
900259,301,2
900259,325,1
900259,329,3
900273,404,2
900273,357,2
900273,347,3
900273,0679742581,1
900273,0679781242,1
900182,452,2
900182,342,3
900182,337,1
900182,419,1
900182,445,3
900182,0099478935,2
900182,1897082274,1
900309,355,2
900309,381,2
900309,421,3
900309,110,1
900309,441,3
900309,1421503549,1
900994,360,3
900994,459,2
900994,301,3
900994,446,3
900994,304,3
900809,349,1
900809,357,3
900809,352,1
900809,453,1
900809,415,1
900642,379,3
900642,371,2
900642,1578050499,1
900642,0679731369,1
900407,425,2
900407,378,3
900407,443,2
900407,0312352352,1
900713,445,1
900713,303,3
900713,0753817985,1
900713,0440419174,1
900941,416,3
900941,125,3
900941,427,1
900941,438,2
900941,410,2
900941,0261103288,1
900714,435,1
900714,446,1
900714,328,1
900714,0671639617,1
900938,312,1
900938,413,1
900938,303,2
900938,405,1
900938,105,3
900807,433,2
900807,385,1
900807,435,1
900807,361,3
900807,1902602684,1
900807,0007149123,3
900500,315,1
900500,446,3
900500,0374500525,1
900500,0743251008,1
900671,402,3
900671,307,1
900671,338,1
900671,374,3
900671,103,1
900671,110,3
900671,0879239484,1
900671,0380731150,3
900337,319,1
900337,447,2
900337,453,3
900337,101,3
900337,438,1
900337,0374504849,2
900337,0787968331,2
900337,0061096849,2
900757,330,2
900757,102,2
900707,324,1
900707,364,2
900707,385,2
900707,457,3
900707,357,2
900707,360,2
900727,326,3
900727,382,1
900727,332,3
900727,318,1
900727,433,2
900727,0061140538,2
900585,385,2
900585,0765352052,1
900359,423,3
900359,429,2
900359,416,2
900359,447,2
900359,0671728202,1
900359,0553470949,1
900359,0575073608,2
900425,343,1
900425,332,3
900425,358,1
900425,304,1
900425,116,2
900425,359,1
900425,0553571575,1
900425,0374525803,1
900898,432,1
900898,1572704578,1
900898,0752858505,3
900898,0060225351,1
900829,123,1
900829,358,2
900829,409,3
900829,350,3
900829,0521825148,1
900829,0374522596,1
900829,1569473331,1
900249,401,1
900249,361,2
900249,0783554559,1
900249,0060788380,3
900249,0810117495,2
900665,368,3
900665,119,2
900665,316,2
900245,415,1
900245,408,1
900245,420,3
900245,357,3
900245,315,1
900245,310,3
900245,006443494X,1
900245,009917331X,1
900388,306,1
900388,333,3
900388,410,3
900388,402,3
900388,0517199963,3
900388,0451527747,1
900767,442,2
900767,404,1
900767,322,2
900767,341,2
900767,430,3
900767,382,3
900767,0374516901,1
900767,1931615039,1
900767,0307264874,3
900650,352,3
900650,0224011871,1
900650,006440630X,1
900650,0762412631,1
900685,112,1
900685,432,3
900685,106,2
900132,409,1
900132,0781731836,2
900331,363,1
900331,408,1
900331,435,1
900331,329,3
900331,370,1
900331,0316926604,1
900556,448,2
900556,361,2
900556,0312194404,1
900556,0679423036,2
900398,367,1
900398,107,1
900398,0345471830,1
900832,318,2
900832,375,1
900832,322,2
900832,335,1
900832,0525467343,1
900832,3518399608,1
900355,102,1
900355,409,1
900355,115,2
900355,382,2
900355,449,1
900828,113,3
900828,122,1
900828,410,2
900828,307,1
900828,330,1
900828,382,3
900828,0060976101,1
900828,0192752537,1
900828,076113686X,1
900187,403,2
900716,340,2
900716,312,1
900716,404,1
900716,437,2
900716,325,2
900716,0743461517,1
900716,0060511133,2
900716,4063634167,1
900436,329,3
900436,305,1
900436,412,2
900436,337,2
900436,0140449248,3
900436,067003777X,1
900529,373,1
900529,368,3
900529,0140447806,1
900529,0743428188,2
900529,1406942359,1
900323,410,3
900323,431,1
900323,0940450720,1
900323,0872203603,2
900323,0764585746,1
900738,325,2
900738,382,3
900738,351,2
900738,108,1
900738,371,3
900738,446,3
900738,0061096849,1
900738,0787968331,1
900527,424,2
900527,404,3
900527,412,2
900527,420,2
900527,441,2
900527,0441317480,1
900527,1402726007,2
900802,350,3
900802,334,1
900802,333,1
900802,0771008740,2
900567,348,3
900567,385,1
900567,347,2
900567,431,3
900567,410,3
900567,436,2
900567,0500282757,1
900341,352,2
900341,351,3
900341,409,2
900341,305,3
900341,440,3
900341,0618772456,1
900341,0679722564,1
900341,1857151925,1
900486,428,1
900486,383,1
900486,120,3
900486,303,2
900486,329,3
900486,429,1
900486,1563894475,1
900486,0446695688,3
900953,416,2
900953,433,3
900953,455,3
900953,300,2
900953,382,3
900953,0321427130,1
900953,0689855923,1
900953,0802431488,2
900577,442,1
900395,402,2
900395,417,2
900395,306,2
900395,429,1
900395,039306011X,1
900919,353,3
900919,439,3
900919,374,1
900919,368,3
900919,411,1
900118,117,1
900118,376,3
900118,317,2
900118,115,1
900118,0815319665,1
900118,0142401757,1
900118,1573226882,1
900761,376,3
900761,326,1
900761,101,3
900761,358,3
900761,0060925817,1
900761,0618654798,1
900667,302,3
900667,332,3
900667,387,3
900481,371,2
900481,412,3
900964,447,3
900964,0871209993,1
900964,0395706742,1
900511,434,2
900511,411,2
900511,336,3
900511,354,1
900511,361,2
900511,105,3
900511,0140449744,1
900511,0156001411,1
900511,0520229134,1
900820,412,3
900820,100,3
900820,411,2
900820,106,3
900820,308,2
900820,0060930055,1
900895,368,1
900895,1904919529,1
900895,0552151769,1
900697,338,1
900697,440,2
900697,323,3
900697,1562802348,1
900697,0192837621,1
900697,059043411X,1
900808,122,2
900808,365,1
900808,100,2
900808,0345323904,3
900808,0140445145,1
900369,443,3
900369,321,3
900369,356,1
900369,324,2
900369,454,3
900369,446,3
900369,0451187261,2
900369,0345468031,1
900369,0786710659,1
900634,425,3
900634,362,1
900634,340,1
900634,306,2
900634,115,3
900634,100,2
900148,383,1
900148,349,2
900148,377,3
900148,112,3
900148,331,1
900148,1593854463,1
900148,0375422994,3
900219,106,1
900219,440,2
900219,352,1
900219,121,1
900219,362,2
900219,1576751724,1
900219,1569803102,2
900429,322,2
900429,357,2
900429,442,3
900429,316,2
900429,0192801732,1
900429,0142437220,1
900333,115,2
900333,458,2
900333,373,1
900333,0156212501,2
900739,457,3
900149,454,2
900149,431,2
900149,446,2
900149,118,3
900149,0684826356,1
900149,0451621603,1
900149,0802449263,1
900463,118,3
900463,387,3
900463,352,3
900463,120,1
900463,374,2
900463,443,2
900463,0449910288,1
900463,0143036386,1
900328,101,1
900328,434,3
900328,385,1
900328,315,2
900328,0312278462,1
900998,354,1
900998,361,1
900998,324,3
900998,320,3
900998,0747566828,1
900998,1932382720,2
900998,0805065377,2
900334,119,2
900334,043984777X,2
900238,306,3
900238,110,2
900238,439,3
900238,378,3
900238,310,1
900238,339,2
900238,0253202175,1
900956,422,2
900956,413,1
900956,0061140538,1
900956,0375829636,2
900604,442,3
900604,383,3
900604,0425170349,2
900604,0393970124,1
900604,0060977493,1
900947,327,2
900947,350,1
900947,336,3
900947,312,3
900540,315,2
900540,119,2
900688,306,2
900688,125,1
900688,348,3
900688,437,2
900688,402,1
900860,304,1
900860,443,3
900860,0060916095,1
900860,0679643257,1
900261,377,3
900261,089658321X,1
900532,103,2
900597,425,1
900597,1577948262,1
900597,1857988361,2
900597,0441013724,1
900990,116,2
900990,423,1
900990,356,3
900990,364,1
900990,400,1
900990,0141001828,1
900990,0736411038,2
900460,101,3
900460,117,1
900460,346,2
900460,304,2
900460,104,2
900460,359,2
900950,375,1
900950,452,3
900950,0060736259,1
900789,366,2
900789,336,2
900789,357,2
900789,115,3
900368,348,2
900368,458,2
900368,0253202175,1
900368,0380000369,1
900655,313,2
900655,350,3
900655,114,1
900655,388,1
900655,1590172183,1
900562,106,1
900562,450,1
900562,449,1
900562,116,3
900562,440,1
900959,310,1
900959,380,2
900959,448,2
900959,385,1
900959,101,2
900959,327,2
900959,0812565886,1
900758,426,2
900758,124,3
900758,428,1
900758,335,2
900758,442,1
900758,427,3
900758,1402713193,1
900758,0679643419,1
900758,074323359X,1
900902,349,3
900902,0060001534,2
900304,452,1
900304,455,2
900304,381,1
900304,307,3
900304,0345449029,1
900304,0439343909,2
900723,401,3
900723,380,2
900723,378,2
900723,403,3
900723,123,3
900723,0807050113,1
900723,207036187X,1
900723,0679781242,1
900447,439,3
900447,314,3
900447,341,1
900447,305,2
900447,346,2
900447,380,1
900752,307,3
900752,102,2
900752,123,3
900752,371,3
900752,401,1
900752,0375422994,2
900752,0192804782,1
900966,333,3
900966,400,2
900966,107,1
900966,423,1
900966,0761452427,1
900966,1859843824,2
900627,300,1
900627,0140441050,1
900496,331,3
900496,440,2
900496,362,3
900496,0881885959,1
900505,416,2
900505,308,1
900505,007325035X,3
900505,1899791663,3
900729,368,3
900729,439,2
900729,1892062437,1
900729,0553285726,1
900729,0761545646,1
900766,374,3
900766,0393310329,1
900766,0515130990,1
900258,388,2
900258,438,1
900258,381,3
900258,103,1
900258,0894805959,2
900258,0810117495,2
900258,061861916X,1
900989,400,2
900989,0517052253,1
900892,426,3
900892,102,3
900892,113,2
900892,414,2
900892,343,2
900892,415,1
900892,0609804243,2
900812,358,2
900812,441,3
900812,427,1
900812,366,2
900812,349,3
900812,0525364102,2
900812,048645049X,1
900308,314,2
900308,326,3
900308,118,2
900308,334,3
900308,333,2
900308,360,1
900308,0879239484,1
900308,0517552949,1
900308,0060519568,1
900687,321,1
900687,450,3
900687,433,3
900687,349,3
900687,379,3
900687,0753459647,2
900687,1400033179,2
900313,119,1
900313,450,3
900313,106,3
900313,101,1
900313,435,3
900313,0449002411,1
900639,424,3
900639,387,3
900639,437,2
900639,186046095X,1
900150,376,2
900150,400,1
900150,359,2
900150,305,2
900150,123,3
900150,0689840330,1
900150,0345495810,1
900150,0674821068,1
900502,410,2
900502,0679643419,1
900502,0517266555,1
900361,429,3
900361,354,2
900361,421,3
900361,443,3
900361,324,3
900361,459,1
900361,1401301886,1
900361,0312088477,1
900539,427,2
900539,1416927832,2
900539,0140445145,1
900880,362,3
900880,113,1
900880,441,3
900880,305,2
900880,403,1
900880,0140817786,1
900880,0395515971,2
900880,039306011X,1
900210,457,3
900210,0684847558,1
900459,316,2
900459,319,2
900647,124,2
900647,0803494661,1
900647,1400054036,1
900647,0373771665,1
900204,441,1
900204,452,1
900204,455,3
900204,303,1
900204,124,3
900204,0385337639,1
900204,0071391401,3
900129,125,2
900129,367,2
900129,119,3
900129,417,2
900129,449,1
900129,377,3
900129,0425189643,1
900129,0452011876,1
900747,419,2
900747,440,3
900747,105,2
900969,304,1
900969,9722332201,3
900969,0486274284,1
900969,1593978863,1
900777,370,1
900777,380,1
900777,111,1
900777,329,3
900777,346,2
900777,1595550445,1
900777,1586215981,1
900790,405,3
900790,306,2
900790,437,3
900984,301,2
900984,332,2
900984,0340827211,3
900501,359,2
900501,320,2
900501,428,2
900501,378,3
900773,459,2
900773,0375727582,1
900773,0743418131,1
900773,0688152023,2
900806,406,1
900806,1842322761,3
900806,0517164353,1
900806,074349170X,1
900285,306,2
900285,365,1
900285,0140437282,3
900625,429,3
900625,067976397X,1
900625,1581345283,2
900397,428,2
900397,430,1
900397,370,3
900397,0886774012,1
900397,0486452352,1
900397,0843946334,1
900518,427,3
900518,377,2
900518,406,2
900518,386,2
900112,335,3
900112,112,1
900112,0822003902,2
900172,326,3
900172,324,2
900172,1414305818,1
900172,0802757480,1
900172,0743286979,2
900818,387,1
900818,440,3
900818,304,2
900818,352,1
900818,432,3
900818,0963625527,3
900818,1598160125,1
900307,310,1
900307,331,3
900307,324,3
900307,423,1
900307,0486249441,1
900307,1843910179,2
900307,0140196099,1
900133,325,3
900133,312,3
900133,370,2
900133,353,1
900108,334,2
900108,423,3
900108,309,1
900108,449,2
900108,342,2
900108,403,3
900519,319,3
900519,456,3
900519,102,3
900519,341,2
900519,374,2
900519,0618619070,2
900519,000649045X,2
900392,381,2
900392,374,2
900392,334,2
900392,103,1
900392,439,2
900392,458,3
900663,342,1
900663,9626343583,1
900559,455,3
900559,370,2
900559,117,1
900559,447,3
900559,1568651376,1
900768,441,3
900768,427,1
900768,358,2
900768,406,1
900768,454,2
900768,444,2
900768,0613359607,1
900327,340,1
900327,408,1
900327,360,2
900327,0786714824,1
900327,0679734503,1
900488,114,1
900488,440,3
900488,457,2
900488,420,1
900488,367,2
900488,112,1
900488,0812969901,1
900512,367,3
900512,1421510669,1
900526,442,3
900526,316,2
900526,328,1
900139,406,3
900139,0440236703,1
900139,0385090021,1
900139,0786852976,2
900923,321,2
900923,400,2
900923,1932382720,2
900159,328,1
900159,364,1
900159,454,3
900159,333,2
900159,323,2
900159,453,1
900159,1557046832,1
900159,0375713344,1
900159,0345492811,1
900588,383,1
900588,317,2
900588,349,2
900588,114,2
900588,1580174043,1
900588,0452284554,3
900588,0340837942,2
900109,355,2
900109,382,1
900109,380,1
900109,117,1
900109,354,2
900109,1931082634,1
900456,386,2
900456,346,3
900456,119,1
900456,448,3
900456,412,1
900456,0345487664,3
900456,0375755195,1
900978,433,1
900978,449,1
900978,325,1
900978,0425179613,3
900978,0395517427,3
900978,0898709792,1
900296,429,1
900296,377,3
900296,403,2
900296,356,2
900296,123,3
900603,344,2
900603,1903436486,1
900603,174104295X,1
900603,0486274284,1
900310,307,1
900310,384,2
900310,373,2
900310,336,3
900310,402,2
900310,0553175262,1
900310,0385490623,1
900963,106,2
900963,427,3
900963,355,3
900963,418,2
900963,0374502005,3
900963,0385662238,1
900816,413,2
900816,433,1
900816,456,2
900816,385,3
900816,1841591165,1
900816,0130977691,1
900726,444,3
900726,114,3
900726,124,3
900726,436,2
900726,1593979266,1
900726,0131551132,1
900443,344,1
900443,116,3
900443,115,3
900443,326,2
900887,420,1
900887,120,2
900887,302,1
900887,300,3
900116,112,1
900116,406,1
900116,419,1
900116,0060731443,3
900116,0717801330,3
900116,0595092144,1
900611,110,2
900611,335,3
900611,422,1
900611,346,3
900611,0684868199,1
900922,312,2
900922,342,1
900922,413,3
900922,308,3
900922,322,3
900922,354,1
900922,0812234561,2
900712,357,3
900712,348,1
900712,425,3
900712,032144146X,1
900712,1569312109,1
900180,360,2
900180,457,2
900180,323,1
900180,404,2
900180,321,1
900180,0345362535,1
900180,0698117972,1
900180,0425182878,1
900374,375,3
900374,413,1
900320,306,2
900787,447,2
900787,317,1
900787,433,3
900787,453,2
900787,438,1
900787,0739344242,1
900787,0449213536,1
900918,122,1
900918,1581345275,2
900918,9681317084,2
900390,112,3
900390,436,1
900390,120,2
900390,415,1
900390,122,1
900390,0521290600,1
900433,341,1
900433,363,3
900433,374,3
900433,059043411X,1
900433,034547581X,1
900226,315,1
900226,308,1
900226,0851115195,1
900648,401,2
900648,313,1
900648,350,1
900648,331,2
900648,0140157514,2
900648,0060582545,1
900644,364,1
900644,456,3
900644,437,3
900644,0393315703,2
900644,0553299611,1
900644,0812966295,3
900769,317,1
900769,386,1
900769,443,1
900769,454,3
900769,309,1
900769,0399146261,1
900904,308,2
900904,325,1
900904,453,3
900904,121,3
900904,1593074743,1
900976,449,1
900976,308,1
900976,335,3
900976,430,3
900976,418,3
900976,0712678867,1
900730,456,1
900958,358,3
900958,0618574972,2
900958,0312875576,1
900958,0671739441,1
900746,107,1
900746,385,2
900746,318,3
900746,326,1
900746,383,1
900746,443,1
900649,382,2
900649,330,1
900649,365,1
900649,350,3
900649,110,1
900649,0060574216,3
900649,0395419182,3
900649,0440236703,3
900131,321,3
900131,447,3
900131,110,1
900131,319,2
900131,437,3
900131,345,3
900385,418,2
900385,306,2
900385,331,2
900385,337,3
900385,449,3
900385,0375725784,1
900385,0375413901,2
900412,443,2
900412,336,3
900412,316,1
900412,419,3
900412,344,3
900884,378,2
900884,404,1
900884,420,3
900884,386,3
900884,0849945119,1
900884,0195325923,1
900198,401,3
900198,410,2
900198,314,2
900198,1585675261,1
900198,0446691798,1
900198,0060844094,1
900314,363,3
900314,369,1
900314,409,1
900183,402,3
900183,351,3
900183,0744002354,2
900681,339,3
900681,0345461622,1
900681,0618479031,1
900111,365,2
900111,122,1
900111,308,3
900111,401,3
900111,453,3
900111,0060915439,2
900111,0618260307,1
900230,430,2
900230,857302710X,1
900207,358,1
900207,378,1
900207,414,1
900207,348,2
900207,448,1
900207,403,3
900207,0870679945,1
900207,0684845776,1
900624,309,1
900624,421,1
900624,313,1
900624,350,1
900624,457,2
900624,0450417395,2
900624,0006499619,2
900844,353,1
900844,1573225207,1
900844,0886775140,1
900199,358,3
900199,438,1
900199,406,2
900199,343,3
900199,420,2
900934,454,1
900934,316,1
900934,457,1
900934,450,1
900934,082543632X,1
900934,0767907434,1
900371,374,1
900371,324,1
900371,344,1
900371,316,2
900371,1579126898,1
900371,0394729641,1
900371,0192805983,2
900724,388,1
900724,385,2
900724,110,3
900724,113,2
900724,457,1
900724,1578633222,1
900724,075821409X,1
900471,119,3
900471,402,3
900471,309,2
900471,1841156736,1
900576,304,3
900576,358,1
900576,404,3
900576,0821775898,3
900576,1421506270,1
900576,0143104934,2
900252,411,2
900252,402,1
900252,341,2
900252,372,2
900252,0380720442,1
900252,0465016901,1
900962,384,2
900962,361,3
900962,341,2
900962,362,2
900962,415,1
900962,332,2
900962,0060753633,1
900962,0449702022,1
900193,324,1
900193,326,1
900193,419,2
900193,0312643063,1
900193,037572737X,1
900734,404,3
900734,124,3
900734,417,3
900734,403,1
900734,449,3
900114,420,2
900114,402,2
900114,434,2
900114,454,2
900114,369,1
900114,1557046832,2
900620,445,2
900620,416,3
900620,112,3
900620,443,1
900620,410,1
900620,0060521228,1
900620,8440699476,1
900620,4091255825,1
900451,365,3
900451,404,3
900451,412,2
900451,459,1
900451,416,2
900451,332,2
900451,043984777X,1
900301,402,2
900301,364,2
900301,308,2
900301,106,2
900301,417,3
900181,351,1
900181,108,1
900181,418,2
900181,110,1
900411,362,2
900696,343,1
900696,346,3
900696,362,3
900696,0802150616,1
900696,0679890548,1
900696,1400042828,1
900453,121,1
900595,361,2
900595,332,1
900595,314,1
900595,383,1
900595,311,3
900595,401,3
900595,0843175044,1
900450,336,2
900450,8501011207,1
900450,0452156610,1
900450,849782461X,1
900169,104,2
900169,383,1
900169,014118020X,1
900169,075640360X,1
900169,0099297701,1
900213,306,3
900213,327,3
900213,120,3
900213,418,3
900213,458,2
900213,030723827X,1
900348,300,2
900348,365,2
900348,0843175044,3
900348,0340837950,1
900348,0898794161,3
900321,428,3
900321,433,3
900321,1400032539,1
900321,067077605X,3
900321,0143036386,1
900920,302,3
900920,406,2
900920,427,3
900920,346,2
900920,432,3
900920,102,2
900920,057120175X,1
900920,1400096464,2
900449,308,2
900449,0812590104,1
900449,0747553467,1
900449,0747566828,3
900614,454,2
900614,451,2
900614,112,3
900614,331,2
900215,458,3
900215,403,1
900965,436,1
900965,418,3
900965,404,2
900965,123,3
900965,0618134328,1
900965,077832026X,1
900589,109,1
900589,426,3
900589,312,3
900589,308,2
900589,0099453231,1
900589,044651666X,1
900589,071484330X,1
900194,441,1
900194,0671854054,1
900194,1591164850,2
900194,034548357X,1
900490,356,2
900490,354,3
900490,0553381660,1
900490,3492236553,1
900651,303,1
900651,387,1
900651,403,2
900821,413,3
900821,362,2
900821,436,2
900821,315,1
900821,310,2
900821,2253141208,1
900821,0786711647,3
900821,1844164160,1
900263,111,3
900263,408,2
900263,448,3
900263,442,1
900263,0345483170,1
900484,401,2
900484,457,2
900484,0310252199,1
900484,0312956126,1
900160,373,2
900160,114,2
900160,446,2
900160,353,3
900160,1401302203,1
900160,0060759259,1
900146,412,2
900146,381,1
900146,335,3
900146,438,3
900146,426,3
900146,115,3
900146,0743275063,1
900145,427,3
900145,0440243068,3
900145,0060277408,1
900145,0743223136,3
900424,350,3
900424,373,2
900424,313,3
900424,311,3
900196,368,2
900196,427,2
900196,330,1
900196,412,2
900196,343,1
900571,406,1
900571,0767907434,1
900728,317,1
900728,105,2
900728,0824512596,3
900728,0743461517,2
900804,122,3
900804,437,2
900804,417,3
900804,300,2
900804,405,3
900804,0425182878,1
900870,380,1
900870,115,1
900870,307,1
900870,113,2
900870,419,2
900870,356,2
900870,9681317084,2
900870,0395680921,1
900870,080242855X,1
900163,309,2
900163,0156028522,1
900163,0385337817,3
900163,0140367381,1
900814,424,1
900814,333,1
900814,1586215809,1
900814,0198321503,1
900814,2831557437,1
900492,367,2
900492,119,1
900380,449,2
900380,372,3
900380,0143037838,3
900873,406,3
900873,0671769928,1
900873,0449911942,1
900416,363,2
900416,376,1
900416,407,2
900416,425,1
900416,457,3
900416,0971357234,1
900416,1887953795,1
900416,0521294304,1
900635,125,3
900635,122,3
900635,438,3
900635,0786000236,1
900635,0486272664,1
900286,362,2
900286,375,2
900286,0618329676,2
900632,458,1
900632,455,2
900632,0385722370,1
900632,0195162250,1
900480,409,1
900480,429,3
900480,0446608890,1
900387,442,2
900387,411,2
900387,375,3
900387,0393323528,1
900830,125,2
900830,068484611X,1
900237,356,1
900237,067980126X,3
900237,1594839417,1
900404,417,3
900404,435,3
900404,418,3
900404,075821409X,1
900176,107,2
900176,118,1
900176,340,1
900176,335,3
900596,453,3
900596,324,1
900596,112,3
900596,456,1
900596,376,2
900596,308,1
900596,0064401685,2
900694,357,3
900694,430,2
900694,417,2
900694,0375813756,2
900694,0316059854,1
900357,316,1
900357,384,3
900357,116,3
900357,353,2
900357,0865164711,1
900437,335,2
900437,333,3
900437,435,1
900437,352,1
900437,006443494X,1
900437,0395680921,1
900437,0385335679,3
900514,428,2
900514,330,2
900514,438,2
900514,400,1
900514,367,3
900514,386,2
900514,0292760280,3
900514,0195061667,1
900514,0292701322,2
900410,345,2
900410,310,2
900410,400,3
900410,362,1
900428,450,2
900428,420,1
900428,319,1
900428,366,1
900428,432,3
900428,362,1
900428,0684839741,1
900428,0815319665,1
900428,1593354746,2
900128,370,3
900128,412,2
900128,0842356290,1
900897,356,2
900897,0425185508,3
900897,0321399536,1
900673,346,2
900673,368,2
900673,444,2
900673,0345495810,2
900673,014144116X,1
900408,312,1
900408,365,3
900408,364,1
900408,119,1
900408,346,2
900408,356,2
900415,416,2
900415,0517266555,1
900415,0141186070,2
900317,348,1
900317,355,2
900317,329,1
900317,0312364520,1
900317,1402713193,1
900317,0156029022,1
900203,318,1
900203,368,1
900203,302,3
900203,314,3
900203,438,1
900203,323,2
900569,114,3
900569,119,3
900569,386,2
900569,0786710659,1
900202,319,2
900202,317,3
900202,0701130644,2
900545,422,3
900545,329,3
900545,1842124021,1
900493,442,1
900493,113,2
900493,364,2
900493,1401207553,1
900493,0060584084,2
900318,380,2
900318,453,2
900318,314,1
900318,357,1
900318,346,1
900318,119,2
900318,0595092144,1
900256,325,3
900256,346,3
900256,341,2
900256,121,1
900256,337,1
900256,401,1
900256,1573226882,2
900951,349,3
900951,116,3
900951,367,2
900951,370,2
900951,114,3
900951,0140714545,1
900755,354,3
900188,359,2
900188,321,1
900188,447,3
900494,321,1
900494,451,2
900495,364,1
900495,441,1
900495,0878054898,1
900928,117,2
900928,109,2
900928,346,1
900928,343,3
900928,1572307021,2
900928,0060788380,3
900885,383,1
900885,412,1
900885,100,2
900885,330,2
900885,2266129376,1
900885,0689855923,1
900885,0340770538,3
900855,118,3
900855,317,2
900855,423,1
900542,311,3
900542,336,3
900542,365,2
900542,9681317084,2
900315,366,1
900315,314,1
900315,432,3
900315,359,3
900315,0940450836,2
900315,0812696115,1
900184,400,2
900184,427,2
900184,351,1
900184,365,2
900184,417,2
900184,0439635772,1
900184,0552998877,1
900184,0393318680,2
900869,410,3
900869,100,3
900869,455,2
900869,0226805271,1
900869,4063634167,1
900949,432,3
900949,311,3
900949,371,2
900949,1400096081,2
900949,2010189140,3
900949,0099498588,2
900799,312,2
900799,375,1
900799,335,3
900799,331,2
900799,321,1
900799,350,3
900799,3804417833,1
900799,0156659751,1
900799,0024181900,2
900684,327,2
900684,430,2
900684,346,1
900835,102,3
900835,366,3
900835,351,1
900835,428,1
900835,0226182002,1
900991,434,3
900991,361,1
900991,416,1
900991,0349102503,1
900991,032144146X,1
900197,426,1
900197,381,1
900197,324,3
900197,403,1
900197,351,3
900197,1560978007,1
900197,0689855923,1
900638,334,1
900638,112,1
900638,306,2
900638,426,3
900583,402,3
900583,416,2
900583,368,3
900583,381,2
900583,0373895208,1
900948,419,1
900948,388,3
900948,382960226X,3
900948,0691019053,1
900124,327,2
900124,315,3
900124,363,2
900124,424,3
900124,104,1
900124,0312982860,2
900344,120,1
900344,329,1
900344,105,1
900344,331,3
900344,0752858505,2
900344,0471409766,1
900344,0521479347,2
900244,402,2
900244,451,1
900244,416,2
900244,314,3
900244,113,1
900244,339,1
900893,446,2
900893,427,3
900893,345,2
900893,0937832383,1
900893,0140157514,1
900119,447,3
900119,0965079929,1
900119,0140448152,1
900119,0743497287,2
900254,316,1
900944,419,1
900944,365,1
900944,424,1
900944,358,1
900944,362,3
900944,371,3
900944,0743275039,1
900270,119,3
900270,0783554524,1
900276,448,3
900276,351,2
900276,0976694026,1
900276,0195061667,1
900366,316,3
900366,106,1
900366,300,1
900366,325,1
900366,458,3
900366,0739340336,1
900366,006078721X,2
900200,105,3
900200,409,3
900200,424,2
900200,436,1
900200,0330244779,1
900200,0140442243,1
900200,0316166340,1
900191,351,3
900191,408,1
900191,426,1
900191,384,1
900191,0141185600,1
900191,1595550550,1
900260,113,2
900260,340,3
900260,383,1
900260,118,2
900260,353,3
900260,378,1
900260,0807050733,1
900260,0375701885,1
900894,379,1
900894,456,2
900894,328,2
900894,319,2
900894,382,1
900894,372,1
900147,331,3
900147,108,3
900147,304,1
900147,106,3
900147,318,1
900147,1844164160,1
900147,2070709043,1
900142,122,2
900142,323,2
900142,427,3
900142,333,3
900142,0345441303,3
900142,014026566X,1
900142,0385497393,2
900297,362,2
900297,433,2
900297,424,1
900297,407,2
900297,0307264602,1
900297,0804717117,1
900297,0756403162,2
900373,406,2
900373,0060667419,1
900373,0373483376,1
900800,379,3
900800,453,2
900800,447,2
900800,0940450240,3
900800,1860460585,2
900800,087893720X,1
900423,123,1
900423,317,3
900423,0844662925,3
900225,300,1
900225,365,1
900225,445,2
900324,383,1
900324,0064461963,1
900393,119,3
900393,364,2
900393,121,3
900393,304,2
900393,438,1
900393,0689855923,1
900393,032144146X,1
900592,103,3
900592,351,3
900592,345,2
900592,401,1
900854,304,2
900854,313,3
900854,122,3
900854,404,2
900854,303,2
900854,307,1
900281,448,1
900281,115,1
900281,0425204235,1
900670,355,3
900763,351,2
900763,1570671044,1
900763,0843955007,1
900399,441,2
900399,369,2
900399,427,2
900399,0618619070,1
900399,0886774012,1
900861,108,3
900861,0750000333,1
900861,1555834531,2
900865,436,3
900865,100,2
900865,349,2
900865,442,1
900865,412,2
900156,406,2
900156,123,1
900156,356,3
900156,343,1
900156,314,2
900156,440,1
900744,457,2
900744,338,3
900744,416,2
900744,405,3
900744,0062516590,1
900744,1564783936,1
900326,448,3
900326,338,1
900326,387,2
900326,125,2
900326,315,2
900326,074349170X,1
900326,0465016901,1
900741,437,1
900741,349,2
900741,450,3
900741,1857151925,1
900741,0140193707,1
900741,0870679945,1
900605,446,1
900605,353,3
900605,436,2
900605,1403356203,1
900605,9722329987,1
900930,326,3
900930,322,1
900930,306,1
900930,0915144921,1
900586,311,1
900586,329,1
900586,448,2
900586,327,1
900586,102,2
900586,370,1
900586,0805080538,2
900586,0879237902,1
900586,0373895887,1
900524,340,1
900524,401,2
900524,329,1
900524,346,2
900524,334,1
900524,0679722599,2
900524,0156001411,1
900275,420,3
900275,440,1
900275,455,3
900275,375,1
900678,426,3
900678,0963625527,3
900678,1586638467,1
900413,349,2
900413,332,2
900413,325,3
900413,345,3
900413,407,3
900413,416,1
900413,0321399536,2
900413,0552998877,1
900413,3895086908,2
900858,124,2
900858,439,3
900858,429,1
900858,343,1
900858,364,3
900858,455,1
900858,0812552849,2
900858,1581950063,2
900195,320,3
900195,368,2
900195,438,2
900195,348,1
900195,334,1
900195,0871401541,1
900779,101,2
900779,369,1
900779,375,1
900779,125,2
900779,302,2
900779,347,2
900779,0915144220,1
900779,0553493841,2
900779,0393098745,1
900733,425,2
900733,307,3
900733,412,2
900733,403,2
900733,405,2
900733,0575402903,1
900733,0446695688,1
900913,387,1
900913,450,1
900913,112,3
900913,432,3
900913,415,3
900913,318,3
900737,300,3
900737,458,1
900737,0802135781,1
900737,0226500624,1
900432,377,2
900432,106,1
900432,345,2
900432,419,2
900432,103,3
900432,123,1
900432,0806114568,1
900432,0198321503,2
900691,375,1
900691,381,3
900691,1573225207,2
900691,1904271553,1
900691,0899664598,1
900708,117,2
900641,318,1
900641,385,1
900641,348,3
900641,402,1
900641,414,1
900641,069101597X,1
900641,067401829X,3
900641,0373793243,1
900224,118,3
900224,452,3
900224,0373895887,2
900659,357,1
900659,329,2
900619,324,2
900619,355,1
900619,301,2
900619,375,3
900619,371,3
900619,0230008909,1
900619,0141185228,1
900619,0743219570,1
900863,102,2
900523,124,1
900523,0787960756,1
900523,0130977691,2
900700,447,1
900700,009992840X,1
900700,0061152552,1
900740,410,2
900740,348,2
900630,123,2
900630,120,1
900630,446,2
900630,375,3
900630,436,3
900630,447,3
900630,1586215809,1
900630,0521288843,1
900630,0340827211,1
900300,111,3
900300,437,1
900300,456,3
900300,374,2
900300,0140445145,1
900300,1593600259,3
900300,1569714886,1
900610,453,1
900610,329,1
900610,408,2
900610,400,1
900610,0140231579,1
900610,0743464117,3
900610,1400097029,1
900104,341,1
900104,318,3
900104,410,2
900104,427,3
900104,402,2
900104,436,2
900104,0195162250,2
900104,0812550757,1
900536,441,3
900536,370,2
900536,333,3
900536,446,1
900536,408,1
900536,326,3
900536,1932234225,1
900970,409,3
900970,420,1
900970,361,3
900970,378,1
900970,454,3
900970,374,3
900970,0345345061,1
900970,1400044871,2
900970,0671732471,1
900759,116,1
900759,329,1
900759,328,3
900759,324,1
900759,301,3
900759,310,2
900759,057305133X,2
900759,0140158766,1
900759,0451530179,1
900925,446,2
900925,316,2
900925,359,3
900925,439,1
900925,440,2
900908,362,3
900908,1565048202,1
900908,0195172418,3
900461,385,1
900461,412,2
900461,101,3
900461,338,2
900461,337,2
900461,372,2
900736,450,2
900736,0262540428,1
900736,4063634167,1
900736,067401636X,1
900986,406,1
900986,1841591157,1
900986,0618574816,1
900986,0744005833,1
900850,312,3
900850,114,3
900850,406,3
900850,442,3
900850,311,2
900850,1569709041,1
900850,0812970039,1
900850,0132382458,1
900973,102,3
900973,310,2
900973,109,2
900973,418,2
900973,348,1
900973,0143039997,1
900973,1931615039,1
900853,300,2
900853,304,2
900853,406,3
900853,0394800915,1
900853,0575073608,1
900853,0451528301,1
900419,106,3
900419,382,3
900419,362,3
900419,379,1
900419,109,2
900419,0743466500,1
900419,0006482074,1
900325,409,1
900325,309,2
900113,117,1
900113,314,2
900113,055358295X,1
900113,1581950063,1
900113,1400098041,1
900839,116,2
900839,0812555244,1
900839,0886775140,2
900332,369,2
900332,0156030489,1
900185,111,1
900581,442,1
900581,1416525513,1
900400,317,1
900400,124,2
900400,358,1
900400,451,2
900400,303,2
900400,0879239484,2
900786,360,1
900786,337,2
900786,346,3
900786,459,2
900786,0007175191,3
900786,0679643419,1
900538,110,1
900538,0385336950,1
900538,0743499263,2
900457,345,2
900457,312,2
900457,455,1
900457,359,2
900457,1590595521,1
900457,0553813536,1
900457,0393323528,1
900774,100,1
900774,320,3
900774,383,3
900774,0425214923,1
900544,438,1
900544,104,3
900544,418,3
900544,312,3
900544,103,3
900544,410,3
900544,2266129376,1
900584,118,3
900584,429,1
900584,401,2
900584,0374525757,1
900584,0441788386,3
900584,0316341517,1
900358,106,1
900358,416,2
900358,407,3
900358,378,2
900358,345,2
900358,438,2
900857,351,1
900857,312,3
900857,0140291873,1
900857,0684866226,1
900857,0140276343,1
900677,457,1
900677,315,2
900677,437,3
900677,303,2
900677,344,2
900677,0156421356,1
900677,1416546022,3
900677,0374529051,2
900568,324,1
900568,124,3
900568,376,2
900568,439,2
900568,364,1
900568,0375761357,2
900568,0805209069,1
900568,034548357X,3
900469,373,3
900469,386,3
900469,387,1
900469,346,1
900469,1896597661,2
900996,120,3
900996,422,3
900996,359,1
900996,0345457617,1
900996,094180755X,3
900996,0872201937,1
900233,116,3
900233,317,1
900233,453,2
900233,106,1
900233,1553651529,2
900233,0879977647,1
900141,431,2
900141,402,1
900141,312,1
900141,0743266862,1
900725,303,3
900725,0312956126,2
900725,044844013X,1
900339,307,1
900339,0374502005,2
900339,0345484290,1
900339,0811824543,1
900675,346,1
900675,401,3
900675,332,3
900157,376,3
900157,0345495810,1
900305,351,3
900305,434,3
900305,110,1
900305,0345483863,1
900305,0786881488,1
900682,437,3
900103,125,1
900103,0679723129,2
900103,0871401541,1
900103,0671728202,1
900899,382,3
900899,323,2
900899,0486445089,3
900824,102,3
900824,340,2
900824,329,2
900824,0140159940,2
900824,0439353688,3
900444,453,1
900444,380,2
900444,360,3
900444,375,1
900444,0060989157,1
900444,0195300920,1
900444,1421509563,1
900633,125,1
900633,159307736X,1
900174,335,3
900174,408,2
900174,440,1
900174,332,2
900174,455,1
900174,0060791217,1
900629,384,3
900629,445,3
900629,328,2
900629,407,2
900629,0747569134,1
900629,0763628328,1
900601,443,3
900601,410,2
900167,409,3
900167,367,2
900167,432,1
900167,0345434072,1
900167,0060225351,1
900977,383,2
900977,416,2
900977,0811856984,1
900487,123,2
900487,413,3
900896,300,1
900896,454,1
900896,323,3
900896,314,2
900896,328,2
900871,330,1
900871,433,3
900871,455,1
900871,435,2
900871,458,2
900834,332,1
900834,387,2
900834,0553561588,1
900834,0448444828,1
900834,0679781242,1
900717,422,1
900717,438,3
900717,417,2
900717,384,2
900717,0061152552,1
900717,0446612731,2
900771,119,2
900771,325,2
900771,435,1
900771,0871401541,1
900917,458,1
900917,446,3
900931,119,1
900931,421,3
900931,383,2
900931,453,1
900931,308,1
900931,426,2
900931,1590171705,1
900105,438,1
900105,108,2
900105,0689868014,1
900105,0465070590,1
900105,0345434900,2
900316,371,1
900316,316,3
900316,356,2
900316,420,2
900316,1596980206,1
900316,1595542329,1
900679,354,3
900679,0375758739,1
900679,0465014879,2
900235,410,2
900235,354,2
900235,106,3
900235,348,3
900942,323,2
900942,307,1
900942,0739342770,1
900942,0515133086,3
900377,117,2
900377,432,1
900205,359,3
900205,362,3
900205,449,3
900205,413,3
900205,426,3
900205,1400032539,1
900205,0964991500,1
900205,0747267448,1
900654,433,2
900654,356,1
900654,451,2
900654,114,2
900654,1895176409,1
900654,1740594770,1
900695,115,1
900695,101,1
900695,386,3
900695,404,2
900695,0195117956,1
900606,361,3
900606,101,3
900606,113,2
900606,316,1
900606,0613608704,1
900418,431,3
900418,351,2
900418,427,2
900418,426,2
900418,401,3
900418,0553580698,1
900418,0060521228,1
900102,345,3
900102,371,2
900102,0553470949,2
900360,304,2
900360,121,3
900360,445,1
900360,331,1
900360,0192802380,1
900312,323,1
900312,442,1
900312,1594160007,1
900101,421,2
900101,355,3
900101,381,1
900101,433,2
900101,456,3
900815,117,3
900815,415,3
900815,343,2
900815,371,2
900815,305,2
900815,377,1
900815,0140234446,1
900612,368,3
900612,430,3
900612,453,2
900612,0872203492,1
900612,0553565923,1
900612,039395904X,1
900161,411,3
900161,433,2
900161,455,2
900161,374,3
900218,416,2
900218,331,1
900218,458,1
900218,435,2
900218,0385721005,1
900206,336,3
900206,344,3
900206,386,2
900206,340,1
900206,352,1
900206,110,2
900206,0425185508,2
900206,068483183X,1
900351,413,2
900351,429,2
900351,311,2
900351,113,1
900351,385,3
900350,449,3
900350,422,1
900350,307,2
900350,352,3
900350,459,1
900350,1857236076,1
900350,1416916172,1
900916,322,1
900916,328,3
900916,310,2
900916,347,3
900916,0814749763,1
900916,0395517427,1
900236,303,2
900236,400,3
900236,401,1
900236,431,1
900236,452,1
900236,447,3
900236,0312155611,1
900236,0061014095,1
900236,1401910440,1
900992,445,3
900891,452,3
900891,308,1
900891,303,1
900891,315,2
900891,100,1
900891,122,1
900580,104,1
900580,115,1
900580,402,2
900580,0886777127,1
900872,105,2
900872,014024350X,1
900405,430,2
900405,353,2
900405,329,1
900967,419,1
900967,369,2
900967,019832149X,1
900856,452,1
900856,115,1
900856,416,1
900856,311,3
900856,317,2
900856,042518448X,1
900541,446,2
900541,379,3
900541,109,2
900541,441,3
900541,107,1
900541,438,1
900541,0307265781,1
900541,0812967941,1
900541,0517146541,1
900553,303,3
900553,383,2
900553,427,1
900553,0441272320,1
900626,402,3
900626,422,2
900626,377,2
900626,453,2
900626,103,2
900626,0345418905,1
900932,353,1
900932,373,1
900932,327,2
900932,322,1
900932,1842124021,2
900643,410,1
900643,326,3
900643,321,1
900643,361,3
900643,371,1
900474,420,3
900474,111,3
900474,118,1
900582,447,1
900582,302,2
900582,0316281336,1
900582,076534551X,2
900582,1584858745,2
900144,303,2
900144,313,2
900144,110,3
900144,435,3
900144,425,2
900144,408,2
900420,425,1
900420,308,1
900420,0553258478,1
900335,381,1
900335,372,1
900335,444,3
900335,118,1
900558,340,1
900558,327,1
900558,309,2
900558,1587671565,1
900720,104,2
900720,346,2
900720,311,1
900720,447,3
900720,112,3
900720,457,3
900878,381,2
900878,409,3
900878,0375500723,2
900878,0156004801,3
900878,0060924985,1
900288,113,2
900288,106,1
900288,342,3
900288,420,1
900288,0679643524,1
900288,0803729782,2
900288,0812974417,1
900831,444,1
900831,0786809949,3
900430,423,3
900430,105,1
900430,329,1
900430,0764559915,1
900430,0802138888,1
900430,0439401879,1
900475,378,2
900475,377,1
900475,369,1
900475,382,2
900475,445,2
900475,314,1
900475,0007104847,2
900448,452,2
900448,341,3
900448,0140443940,3
900883,401,1
900883,457,1
900883,0061196681,1
900552,350,3
900552,309,3
900552,1590525930,3
900552,1932361278,2
900140,352,2
900140,014118020X,1
900140,0192839632,1
900943,303,2
900943,446,2
900943,361,3
900943,0446691909,3
900189,451,1
900189,114,2
900599,121,1
900599,354,1
900599,305,2
900599,113,2
900599,0553470949,2
900535,357,3
900535,372,3
900535,037312418X,1
900535,1570671044,3
900971,311,3
900971,346,3
900971,425,1
900971,336,2
900971,405,2
900971,370,1
900971,0851115195,1
900403,416,1
900403,365,2
900403,353,1
900403,450,3
900403,444,1
900403,0446679089,1
900403,1932857087,2
900656,323,2
900656,101,3
900656,115,1
900656,363,1
900656,114,1
900293,105,1
900293,302,1
900293,448,1
900293,451,2
900293,440,2
900718,451,1
900718,359,3
900718,366,2
900346,401,3
900346,458,1
900346,326,2
900346,422,1
900346,453,3
900702,430,2
900702,353,3
900702,423,3
900702,344,1
900702,379,2
900702,105,2
900702,1859843824,1
900702,0312194404,1
900617,114,3
900617,371,1
900617,375,2
900617,449,2
900617,416,1
900617,329,3
900617,0345450698,1
900617,1577658035,1
900232,344,3
900232,444,3
900232,123,1
900232,327,3
900232,0312424442,2
900232,0553299034,1
900222,436,1
900222,350,2
900222,369,2
900222,325,3
900222,307,1
900703,380,1
900703,350,3
900703,455,1
900703,109,1
900753,319,1
900753,388,2
900753,437,3
900753,110,3
900753,385,1
900753,0452284554,1
900753,0879239484,1
900282,376,3
900282,400,3
900282,385,1
900282,0446679089,1
900282,0936184728,1
900282,0375758739,1
900906,377,2
900906,325,2
900906,445,3
900906,1572704616,1
900906,0393312763,2
900995,377,3
900995,319,3
900995,411,3
900995,320,1
900995,373,2
900995,413,3
900995,0743487699,1
900995,0345484304,1
900995,1569716684,1
900960,108,1
900960,333,2
900960,101,3
900960,439,2
900960,122,1
900960,446,3
900960,0684857081,1
900960,1932855416,1
900137,438,1
900137,386,3
900137,9500426544,1
900289,376,1
900289,456,3
900289,0752817000,2
900289,0375755195,1
900289,0802142710,1
900340,123,1
900340,458,1
900340,0961392169,1
900386,314,1
900386,0312937725,1
900386,014050978X,1
900513,459,2
900513,329,2
900513,412,2
900513,419,1
900513,358,1
900513,354,3
900591,121,3
900591,440,2
900591,119,1
900591,441,3
900591,0345486587,2
900591,0933121261,1
900591,1400033829,2
900228,109,1
900228,302,3
900228,0345296915,1
900653,346,1
900653,403,1
900653,124,3
900653,444,2
900653,433,1
900653,0375725784,2
900653,0679801154,1
900550,454,2
900550,354,2
900550,422,3
900550,308,2
900550,311,2
900550,0060977086,1
900550,0465016901,1
900646,385,2
900646,0786849711,1
900646,0007121008,1
900646,0440229359,1
900557,122,1
900557,322,3
900557,386,3
900557,0425211894,1
900557,0765313405,2
900434,342,1
900434,385,1
900434,357,3
900434,411,3
900434,122,2
900217,327,2
900217,305,2
900217,0441013678,1
900217,0802142710,2
900381,104,1
900381,382,1
900381,336,2
900381,339,1
900381,0785119272,1
900381,006083756X,1
900554,328,2
900554,340,1
900554,325,3
900554,0156001454,1
900554,0192802593,1
900554,0679726098,1
900997,122,1
900997,402,1
900997,386,3
900997,351,1
900997,317,2
900997,444,3
900997,0312361785,1
900997,0606298231,1
900997,074349170X,1
900465,433,3
900465,445,2
900465,348,3
900465,372,2
900465,424,1
900465,0767915747,1
900465,0425204030,1
900465,0330487140,1
900791,425,1
900791,451,2
900791,118,3
900791,435,2
900791,306,1
900791,312,2
900134,336,3
900134,1590171039,1
900329,377,1
900329,352,2
900329,318,1
900329,322,1
900329,420,2
900329,361,2
900329,0425204200,1
900178,375,2
900178,418,2
900178,103,2
900178,303,2
900178,357,1
900178,326,2
900178,0743275063,3
900265,104,3
900265,421,2
900265,121,2
900265,0552152951,1
900265,0688003478,1
900265,2253033138,1
900372,100,3
900372,337,1
900372,0399148701,2
900881,361,3
900881,330,2
900877,423,3
900877,368,3
900877,0689817169,1
900877,0441317480,1
900877,0140441050,1
900613,382,2
900613,123,1
900613,308,3
900613,377,3
900613,121,1
900613,401,1
900968,459,3
900968,417,2
900968,302,2
900968,0312424442,2
900968,0060278420,1
900825,318,1
900825,0553175262,1
900825,1929068034,1
