Skews,Price
100,11.5
101,10.95
102,11.95
103,11.95
104,11.95
105,9.95
106,13.75
107,13.75
108,14.95
109,11.95
110,11.95
111,11.95
112,8.95
113,10.5
114,10.5
115,10.5
116,11.25
117,10.95
118,12.5
119,14.5
120,11.95
121,9.5
122,11.5
123,11.5
124,9.5
125,10.5
300,2.75
301,3.0
302,3.25
303,3.5
304,3.75
305,4.0
306,4.25
307,4.25
308,4.5
309,4.75
310,3.25
311,3.25
312,3.75
313,2.25
314,2.5
315,2.75
316,4.0
317,4.5
318,3.25
319,3.25
320,4.0
321,4.25
322,4.5
323,2.5
324,2.75
325,3.0
326,2.25
327,2.5
328,2.75
329,4.0
330,4.5
331,5.0
332,4.25
333,4.75
334,5.25
335,4.5
336,5.0
337,5.5
338,4.5
339,5.0
340,5.5
341,4.75
342,5.25
343,5.75
344,4.75
345,5.25
346,5.75
347,4.5
348,5.0
349,5.5
350,4.5
351,5.0
352,5.5
353,3.75
354,4.25
355,4.75
356,4.0
357,4.5
358,5.0
359,4.25
360,4.75
361,5.25
362,4.25
363,4.75
364,5.25
365,4.5
366,5.0
367,5.5
368,4.75
369,5.25
370,5.75
371,4.25
372,4.75
373,5.25
374,4.25
375,4.75
376,5.25
377,4.75
378,5.25
379,5.75
380,4.5
381,5.0
382,5.5
383,4.5
384,5.0
385,5.5
386,4.75
387,5.25
388,5.75
0764585746,30.5
1421808323,35.99
0812969707,32.0
0743484185,10.5
0571219764,33.5
0440421705,14.0
0393096335,28.5
0439228905,17.5
0140437975,17.5
0553299492,36.5
0307346587,32.99
0590438808,14.5
0451529758,24.0
0446528056,11.99
0452284554,25.99
1841591165,13.99
0679752935,39.5
0940450836,37.5
0761417125,35.5
0521750342,11.99
0446677124,18.5
0736911685,34.5
0060515228,21.0
0140620664,21.0
0810956993,33.0
1572704578,36.0
0689865384,28.0
0316341517,33.0
1599869950,27.99
0140444424,14.5
0060529571,17.0
0143037145,26.0
0099453231,29.99
0192837621,39.5
1565124820,35.99
0571214266,25.0
0688090257,26.0
0563504072,22.5
2290328316,20.99
1563895684,39.5
1565041917,39.99
1573229865,34.5
0805212078,29.99
0552133256,24.0
0517168952,19.5
0764538136,23.5
1401205003,24.99
0440151880,24.5
0761545646,35.99
0060667419,11.5
0349117624,19.5
0765311712,27.5
0140447806,19.5
0380000369,22.5
0141184280,22.99
0312872798,13.99
0805390472,10.0
0446605166,33.5
0385264739,33.99
1423100611,32.5
0820324930,11.99
2207254410,31.0
0226204197,34.5
0006479758,27.99
0060511133,11.99
1594480117,30.5
0451412109,13.99
0553582755,18.5
0450417395,16.99
0226182002,27.0
0345492781,35.0
0764525905,37.0
0618313664,22.5
0192837680,13.99
0307383415,33.5
0141186070,11.5
0140447946,14.5
2742741461,28.5
0292701322,38.0
0786886811,16.5
0802449247,27.5
0451530179,12.99
081912141X,20.99
0160729947,10.0
0439244196,17.5
0802138888,10.0
155709103X,35.99
0872205541,22.5
014044257X,21.99
0879074493,26.5
0553282808,28.0
0091898242,29.5
4091256481,24.0
0807218731,39.0
155783198X,39.99
0684844648,22.0
0231138768,12.99
0393971678,14.99
0679734503,34.0
0521402409,17.0
0330412442,24.99
0553565923,14.5
0922915997,31.99
158337292X,12.99
0751503894,10.5
0962247723,25.5
0156659751,20.0
1416908161,37.0
0520229134,10.99
3485009024,12.99
0312155611,28.99
0891901639,10.99
0394800273,26.0
037572737X,30.5
0312982011,22.0
0451528832,38.0
0440420598,22.99
0140444556,12.5
0141185015,37.0
0380898039,22.0
1557046832,39.5
0307264890,19.0
0743299639,29.5
0441014836,38.5
0872201929,26.5
0811216748,16.5
0664226108,21.5
0425136981,20.99
0515134457,31.0
0679779159,38.5
1596060247,10.5
0786852976,11.0
0553213601,32.0
0425199320,39.0
0380973995,16.5
0976234963,32.5
0618574816,26.0
0060816228,10.99
0439862698,24.99
0099478935,37.5
0140193707,39.5
1560066237,37.5
0061140538,13.5
0425186709,36.0
1419150014,23.99
0843947462,28.0
038533947X,35.0
3787307672,27.5
0099448920,23.0
0870679945,12.99
1840220600,19.99
0385336101,38.5
0385484364,20.5
0679753761,11.5
0763620491,12.0
1904919529,22.5
0140437282,17.5
0307265781,10.99
0060789565,16.99
0312010443,36.0
0375821821,16.5
0307283798,39.5
1932664599,25.99
1576751724,28.99
0262570211,11.5
0486435504,24.99
0143039709,28.0
0345434900,15.99
0689840330,13.0
1586215981,30.5
0345434811,21.5
0822001101,11.99
1400079373,13.5
0060525118,22.0
0802135781,37.5
0345354648,26.5
0099428385,34.0
0345450396,19.5
1590525930,25.0
0312853025,34.5
0743496728,17.5
1400033829,35.0
0553285556,10.0
0312278462,19.99
0140422153,25.99
0691099502,27.5
0805242090,14.5
0152025650,32.0
0805076239,16.5
0143037579,35.0
0060593199,11.5
0375823611,15.5
1853995908,17.99
0060598840,19.99
0385602057,39.0
1928832431,10.0
0060521228,11.99
0684854287,21.5
0736411038,14.5
0486249441,28.99
0764585681,28.99
0553566407,36.0
0385333900,38.0
3442448964,17.5
0805377956,27.5
0345481267,29.99
0060652853,23.0
0385486804,10.0
0141439823,15.5
0765352052,37.99
9500426544,37.0
0712678867,29.5
037307316X,12.5
0140276610,31.0
0812575237,29.99
0142004200,16.5
0871209993,23.99
0143104934,38.99
074347788X,33.99
0268018499,12.5
0552152188,13.5
1859843832,31.0
1401300464,37.0
1887953795,20.5
1590385810,13.0
0130352993,37.99
1585424838,16.5
0747236380,33.5
0812972015,32.0
0199210705,28.99
0887061990,38.0
0679737316,32.0
0915811235,37.99
0060277408,15.99
067980126X,23.99
0316831301,26.99
1569312109,11.0
1405034149,35.5
0425187713,17.99
2290318043,36.99
0743487583,22.0
0786014202,15.5
006062213X,20.5
0141185600,16.0
0801883946,11.5
006076287X,36.5
1587671166,20.0
0192854526,10.99
0439569729,24.5
0887309429,27.5
0060838590,12.5
0439847796,23.5
0140449086,12.0
0380804522,35.0
0192807293,38.99
0553702467,20.0
0061126527,39.99
0618391010,38.0
0451412117,27.99
0394299035,33.99
0671739441,37.0
1595542329,31.0
0451205146,30.0
0739341413,15.99
0717801330,39.5
0679433724,37.5
1587671409,38.0
0345413997,21.5
0140286012,26.0
0684857081,36.5
1590170164,34.99
0415926327,20.5
8497936736,15.0
1572702567,14.5
0471648795,24.0
078686334X,13.99
0399528431,12.0
0140442243,17.0
1403969736,14.0
0452267455,39.99
0425171396,21.5
0140275657,25.99
0373802447,25.99
0312194404,35.5
1590170431,13.0
0142403229,11.5
0060859628,20.0
0887308554,37.99
1931082197,36.99
0385497393,29.99
1595580271,16.5
006057299X,15.5
0143039148,19.99
0285633147,36.0
0060541873,34.5
0385731825,23.99
0316010669,24.99
1416912274,30.0
0316013315,26.0
0471469335,28.5
0521439612,37.5
0595272096,14.5
0694524980,34.99
1880216620,22.99
0595092144,17.5
0553578685,11.0
0385337817,26.99
2290303348,26.0
1590583426,26.5
1421506130,38.0
084394482X,33.99
0679755624,17.0
0060572965,13.0
1575667215,30.5
094089548X,34.99
1421501562,13.5
0843955937,33.5
0811856984,20.5
0393090027,33.99
0143037277,27.5
8437604826,27.0
190253834X,13.5
077832284X,34.99
078683787X,24.0
0061014095,13.99
0722539010,19.99
0880291230,25.5
0060001534,28.5
8420637017,25.0
1400032539,39.99
0061131628,23.5
043965548X,23.0
8483101610,17.5
1582430152,22.0
0345296915,25.99
0060736259,38.0
0691019053,17.99
0764587277,34.0
0965772411,36.0
0345478258,38.5
0553277871,39.99
0426203658,16.5
0441008933,22.99
0330397818,30.0
0767915747,39.5
0307264602,14.5
1400075483,25.99
3453189345,27.0
140121195X,22.99
014044789X,34.0
0822002426,36.99
0786809949,24.0
0873387805,38.99
0679410430,38.0
8466308954,39.5
0140564306,15.0
0316000612,33.99
0878054901,27.99
1580495796,13.99
0387987207,12.5
0618134328,27.0
0521447712,15.0
067104155X,18.5
0064440958,32.0
1421509563,20.0
0141311290,20.0
0142401757,39.5
044844013X,25.5
0811828034,36.99
4091252109,16.5
0446363162,32.0
1596792507,21.99
1585675245,15.99
1570031460,38.5
0521288843,13.99
0142004456,16.99
0061094234,14.5
0822215020,34.0
0340770538,21.0
0195114159,13.0
0881927694,35.5
0743486226,28.99
0262540428,31.5
140003454X,11.5
9861146148,33.0
076113686X,31.5
0374500525,31.99
0198721595,13.0
0785123717,31.5
0252019814,33.99
0375706364,25.99
0385340540,14.99
037582538X,19.99
0762419229,39.5
0439064864,27.0
0345468031,24.0
0099471434,31.5
0345495810,17.5
1563894815,33.99
0802449263,28.5
0060987324,16.5
0399153721,21.99
0822012375,21.99
2266075187,26.99
0806114568,32.0
0440201047,23.5
0330347764,19.99
0517604469,33.99
0684800527,25.0
1897082274,16.5
0689304579,39.5
0878054898,39.5
0575073438,17.99
0060594349,27.5
0689875347,32.99
0152052089,33.5
0451527887,34.99
0563557354,27.99
0060898712,11.0
1904859208,15.5
0886773784,19.5
0192832433,11.99
0743477553,11.99
042518448X,21.0
0449910288,36.5
0140157514,33.0
0425201376,18.5
0345483871,22.5
0446616427,11.99
0192836021,31.0
0521663873,26.0
0373124244,13.5
0873527364,11.0
0425205517,13.99
019832149X,29.0
0007177844,11.99
0141311355,14.0
0596007191,29.99
0805031499,20.5
0140437940,17.0
0765348756,32.5
0375703977,23.5
156656249X,22.0
0060855924,35.5
074353395X,25.99
1590302486,17.99
0763628328,28.5
0385499094,19.99
0439297710,22.0
0553470949,10.5
2070386708,29.0
0743276124,34.99
0826452329,28.99
019280149X,13.0
0946061157,26.0
1563897229,33.0
0439650364,20.0
0395710413,35.0
0393970124,29.0
0192831879,23.99
0786714689,16.0
0938497197,37.0
0671743554,11.5
0373285337,31.5
0425194973,30.99
0140445501,22.5
1406942359,27.99
0805063749,10.99
074348505X,12.0
0345483898,29.5
0374527059,24.5
076534551X,30.99
0842383670,24.99
0440229359,33.99
0375836578,29.5
0385337639,31.99
014101380X,26.5
0380730367,12.99
074325578X,34.99
0425212785,22.99
0820321753,21.99
0972018417,31.0
034547581X,26.99
0393323528,17.99
1400034779,38.99
0140443487,25.0
1932855416,33.0
0140255257,31.0
0521638763,37.5
1842931539,36.0
067986668X,13.5
0345441303,18.0
0373638523,35.99
193108291X,38.99
1571740562,39.99
0393315703,11.5
0674821068,14.0
0395706742,12.0
1572704616,20.99
0143036696,26.0
0060927542,39.99
0375810706,19.99
0743255488,20.0
0525936130,34.5
0142180041,23.0
0375719008,20.5
0393048853,29.99
069107089X,10.0
0340824468,16.0
0140196099,21.99
0345437837,10.5
0764587250,36.0
0756611776,20.5
0553763253,17.0
0393062686,28.99
0976694026,34.0
0192802771,13.99
0060010606,13.0
0385333765,32.0
0886778042,28.99
0691102961,11.99
0807014273,11.99
0373246471,32.0
1932234225,18.0
0140097368,22.5
015603297X,37.5
0553804790,29.0
0689869207,31.99
0449213536,34.5
0316969680,35.5
1558749608,24.0
0156007479,15.5
0345418689,33.5
1401209548,19.5
0375708340,17.5
2226074740,10.0
014024364X,10.99
0399154191,39.5
061812733X,34.5
0786815930,19.5
0203506413,26.0
068814392X,32.5
0679732713,30.5
0618181881,16.5
849531178X,18.99
0373793243,35.5
0156001454,18.0
0141185228,18.5
0671708260,38.5
0440936853,30.0
0486274284,10.5
0060175648,33.0
0451208641,21.99
0517480107,31.5
0571205216,34.99
0684839741,25.5
1401211321,18.99
0446679089,38.5
0743466500,13.99
1929241631,35.99
0345417984,19.99
0688152023,10.99
0312956126,16.5
156970905X,26.0
0824519868,25.5
0743428951,28.0
0899664598,13.0
0451210905,12.5
094180755X,17.5
1402718616,39.0
0060845988,19.0
0375708138,37.0
0140449094,34.0
1598160141,17.5
1402726007,36.5
0895872730,15.5
1560255218,16.99
0448444828,13.5
1840238437,26.5
0743243781,26.99
1401212220,26.0
0307336131,21.5
0486445089,16.99
0312306342,25.99
014144116X,26.5
0821773682,38.0
0553584537,18.0
0060094427,30.5
0590997300,33.5
0805073663,31.0
1852421177,25.0
0393979318,15.99
0198321503,12.5
0807210471,26.0
1574671324,27.0
0375414576,24.5
0192835955,14.5
057305133X,24.99
0966264924,33.5
0635034700,33.0
0452282314,14.5
0224011871,20.0
0805072454,24.5
1573225207,18.0
0812974417,34.0
0929587782,13.5
0099297701,26.99
0452156610,15.99
0965193772,20.5
0385722370,20.5
0385494785,39.5
1860460585,14.99
0374528667,35.5
0195101286,27.0
1593600259,31.5
9500717638,35.5
0679732543,27.99
1885586426,11.5
1400032202,10.0
0811201082,18.99
0446696641,19.5
156389369X,32.5
0670030775,15.5
0141439831,23.5
0140449248,25.99
0380699176,35.0
0679723129,32.5
0606298231,35.0
0812034074,12.5
0753810743,17.0
0517052253,24.0
1416509631,28.0
1591165830,38.5
0553262963,26.5
068483183X,30.5
0312252811,35.5
0553292242,24.5
1557831572,28.5
0393098214,13.5
0915144220,37.5
0006499619,38.5
0373895887,36.5
0425201686,34.0
0472081616,35.5
0380727501,30.5
189238938X,19.5
1423319613,15.0
1400078377,20.99
0684841258,38.0
0029227968,38.99
0007149824,21.0
1904271553,35.99
1590171802,23.99
0684182602,31.0
1421506270,26.99
0295979844,30.0
0743262727,28.99
0142004103,30.99
0500203520,12.5
0131492020,18.99
0132382458,36.0
0618772456,13.5
0425204235,19.5
0679727221,30.5
0791074587,18.0
0751504351,34.5
0060915439,33.0
0374105235,15.0
059043411X,35.0
9774248449,24.0
1568580398,19.0
0553273868,31.5
0786890436,25.0
0141306394,26.0
0060256575,15.5
0736910190,22.0
0879239484,18.5
068482471X,32.5
0373250479,35.0
0671728202,25.99
0393323854,32.99
0060738251,12.0
0974811823,16.99
0571145450,33.99
0316769029,16.5
0674992024,20.99
0393098745,27.0
1575606240,31.0
8497594290,28.99
0140367357,19.5
0373117191,25.5
0451217764,15.0
0375725237,20.99
0156030438,22.5
0521598222,35.0
1594972079,20.0
0743454553,33.99
1403356203,17.99
0847826694,24.99
0515140775,14.0
080213825X,19.0
1579126898,26.0
987224975X,36.0
0312267177,21.99
1556591403,16.5
0340820462,35.99
0802142710,12.99
0393327345,38.0
0816632588,12.0
0670886955,24.5
0131538411,18.0
8466617116,15.0
1557832455,37.99
1400096197,12.0
1932442529,28.99
0141439769,26.0
0385240872,24.99
0325008086,32.99
0843949740,37.99
1401200680,16.99
1844450937,34.99
0099452243,29.5
0061137456,18.5
0851703933,30.5
0552152951,34.5
1400052580,23.5
0933121180,22.99
0393061310,34.5
1593854463,21.99
0811824543,32.99
0024181900,34.0
0812509668,23.5
0553586610,37.5
0809230410,19.99
0345396707,20.5
1411683056,39.0
229031823X,39.0
0307264874,27.99
0743266862,20.5
031235407X,12.5
1419154079,31.99
0786849711,38.99
0517229250,39.5
0452286751,14.99
0701130644,25.99
074323359X,33.99
1401203671,20.99
0805080538,30.0
047004604X,31.0
0805059334,35.99
1400031044,39.0
0393955680,26.99
0736913823,24.99
0842387463,22.99
0415901472,24.5
4088728734,19.99
0060930055,36.99
0439241871,33.0
3717519646,21.0
0689817169,29.5
0312878273,17.0
1842124021,22.5
0743499344,34.5
0974607894,20.99
0747250383,20.99
0425189643,28.5
0321478061,37.99
1405211997,27.0
0312288018,32.99
0679761071,21.99
0439791405,23.99
0679890548,18.5
0064401685,31.99
0738209252,18.0
0764584383,28.99
0060593202,28.99
0385722141,11.5
0345483170,28.99
0679759255,12.99
0805071067,25.0
0762104201,38.5
0375758739,26.0
0425185508,34.0
080213016X,26.5
1843910179,21.99
0739309056,13.0
0060731443,28.5
1584230738,26.99
0805210555,30.0
0590859986,14.0
1844164160,31.0
1560254416,31.0
0679781498,25.0
0195117956,10.99
0374530319,32.99
0395971284,10.99
0679776214,11.5
1931615039,37.0
0385191669,19.0
0684845776,16.5
0140295941,12.0
0684868199,29.5
0684826801,36.0
1575662450,27.0
1932394699,20.0
3856305580,31.99
1400052998,29.0
1413901433,27.5
0425170349,39.99
1419349996,26.5
0091894603,31.0
0743284798,15.0
1593081480,30.0
1565842219,16.99
1593075421,15.5
0809530953,14.5
0373483376,35.5
0375500723,27.0
1931243190,14.5
038071082X,17.99
0439872472,25.99
1556908687,27.99
0373802544,10.99
140003471X,33.5
0679736883,20.0
0374516901,36.0
0142402494,29.5
1852864982,16.0
0552152110,32.5
0060951273,20.5
0689861133,38.99
034548357X,14.5
0552998001,19.0
0452278872,32.5
0679745394,38.99
0671892673,22.5
0812565886,18.99
8433920863,19.5
1591169208,27.5
0723257043,36.5
0007169922,21.5
0821221876,12.5
0439271711,34.99
0802417582,34.0
0226301192,14.0
0446696617,10.0
0553572989,26.99
0143037390,32.0
1402713193,36.0
067976397X,16.5
0753811464,17.5
0316168815,39.5
1933648279,34.5
0143036491,24.5
0671577786,29.5
1573441961,11.0
0712645624,24.99
1400078121,10.5
0763630640,38.0
1930699891,11.0
0062515675,25.99
0231121253,24.0
9861146091,29.99
849782461X,26.0
1416500391,32.99
0689874146,16.0
0140276343,23.5
0195143108,34.99
1844130800,38.5
0739340336,21.99
0385339607,25.0
0292760280,22.0
0143039164,26.99
1400052939,21.5
0395680921,10.0
0380732025,26.0
0451190750,25.5
0517266555,39.0
2070368106,23.99
0679762094,22.99
0375755195,11.5
0786016051,38.99
1400054036,31.0
0226777103,15.99
0345427548,29.99
1416513418,25.0
078798129X,20.0
0879237902,22.5
0060596384,37.5
0140281703,11.99
0486455599,25.0
0393318680,11.0
0521479347,29.99
0195300920,34.5
0060938102,30.0
0452271681,16.99
0811213463,10.0
0156212501,30.99
1570715831,37.0
0582435676,36.0
0345486587,30.99
0192836366,27.99
055345580X,19.5
0195172418,30.5
0440236703,31.5
1593357389,17.5
015640057X,39.99
039332690X,25.0
0374525110,18.0
140120256X,27.99
1593076274,27.5
1590595521,12.0
067978148X,22.99
0753818817,12.0
0312263104,15.5
0743219619,33.99
0393322963,23.99
0440229081,38.99
0786881488,27.99
0812574966,25.5
1416500502,26.99
0786711647,35.5
1565481240,28.5
0563536594,12.99
2290319368,36.0
0140448071,22.0
0452287073,28.5
0744002354,16.99
3518373900,18.5
0140621598,31.5
0099276496,19.99
0330367471,15.99
0393926796,27.99
0140291873,28.99
1595820310,33.5
0765313405,10.5
0750000333,28.99
0812509676,25.99
0425144305,38.99
1581345275,14.0
0743422449,27.0
061839110X,38.5
0316281336,22.99
0525469788,18.0
074343059X,36.0
0618260307,22.99
1879373564,17.5
0142001619,35.5
0679731180,22.5
0375813683,13.99
0674673778,35.0
1888996285,33.5
0060775858,39.5
0374502005,25.5
1895176409,28.5
1586420216,35.5
0767915305,25.5
0099284294,30.99
0553580485,19.0
1400076951,25.0
1421510677,19.99
0425207978,20.99
0756403804,19.5
097669400X,18.99
1578569540,19.99
0785263705,32.99
039305800X,31.0
1930332351,17.0
3822817341,12.99
0142437220,35.0
0380784912,30.5
074352585X,39.0
1416534423,12.0
0743291352,16.5
0142000272,20.99
1557130663,14.5
1860645887,20.99
1595550550,17.5
0445405562,29.99
074341280X,38.5
0965045641,29.0
0743499263,21.99
0520048989,26.5
0571204155,38.99
1401308201,35.5
1553650433,21.99
0140439056,23.0
0375424156,32.99
1416916172,19.0
0553570684,20.5
1400077303,34.5
0375837892,23.0
0486434125,12.99
0195098315,14.5
0194232204,27.5
0439746841,38.5
0451187261,27.0
0792274571,11.99
0811212475,39.0
0375505962,34.5
039395904X,29.99
0809447967,33.0
0224064452,10.5
0802757480,39.5
0060598875,39.99
0812551249,22.5
0961472820,39.5
0131935070,36.99
8484326373,26.5
0671684027,32.0
067102082X,33.0
0791077640,29.99
2266104462,13.99
067401829X,16.0
0872201937,33.0
0425201961,18.5
0373771665,27.99
1578050499,10.99
0805073876,37.0
0140119485,11.5
0374517886,13.0
0312997833,18.5
0060766743,13.0
0590441744,10.99
055380202X,32.99
1559210869,25.0
0815319665,35.5
0312982860,10.5
0375725180,16.0
0007145594,17.0
0385339674,27.99
0789488779,34.99
1590171039,32.5
2070766039,19.0
0894805959,21.5
0843956046,35.5
0679722599,33.99
0786851155,25.99
0770429459,10.0
0373285388,35.99
0974514055,31.5
0060955422,14.0
0395419182,17.5
1556526008,37.99
0747584664,39.99
0345442636,29.5
0810970570,12.99
1904271065,29.5
0141187190,21.0
0393310329,39.0
0312300336,39.99
1400044871,14.5
1580495931,17.99
0679887431,20.5
0553493841,27.0
0312984855,26.99
0345467175,22.5
0380815923,17.0
0345418956,18.0
0613013379,21.0
0375502262,39.0
0140448942,20.99
0770422470,12.0
082543632X,33.99
0142404209,28.0
0306808900,25.0
0520072383,39.0
0874850916,31.5
0198321465,31.99
006083756X,15.0
2723441784,34.5
0060753633,37.5
1932664084,30.5
0452268184,33.99
1420925229,19.0
0374521026,36.0
0515141666,16.0
0385410786,32.99
0345457617,14.99
0060584084,24.0
1902602684,26.0
0553213555,14.0
8498000831,34.0
0553580698,23.0
0385495544,27.0
1560257016,19.0
1933368365,34.0
006114004X,33.5
1853991147,32.5
0723257639,29.0
0142437298,17.99
0064400999,31.0
8497930975,16.5
0802151825,23.99
1590172183,18.5
080652569X,21.0
9722332201,21.0
0439635772,13.0
1931082200,22.0
0596523696,25.5
0373802137,10.5
1561381489,11.0
0312643063,15.99
1932857087,26.0
0805065377,11.5
0679760237,29.0
0826477917,37.5
0140440224,12.0
0940450437,12.5
1563897288,23.99
1853260401,14.99
0812696115,39.0
0843104368,15.0
0823078949,13.5
0375759344,36.5
0752876872,39.0
1591161452,16.5
0380731150,25.99
0060925817,14.99
3822840858,11.0
1401301886,36.5
1580087949,19.99
0684847558,35.99
067103264X,37.99
0791075680,35.5
1402736959,26.5
157322751X,27.5
0452283868,15.5
0061177598,18.5
0689868014,14.0
0803725744,35.0
039332494X,19.0
0143036084,26.99
0393060918,28.99
0521286913,38.99
0517170779,39.5
0060727535,13.99
1419953966,28.99
1880656418,30.0
0781731836,21.0
0575043555,33.99
0060724293,11.5
0340827211,22.0
0375813756,20.0
0440420636,35.99
0380816032,29.99
0325001537,36.0
0345396537,20.99
0071460829,23.5
1598163175,28.0
0842386882,21.99
0140448926,32.99
0553292781,11.99
1585675261,34.5
0439353688,26.0
0688154727,33.0
1400132746,12.5
0679431373,22.0
0060847182,37.5
1400096464,35.5
0785264698,28.5
0192832603,30.0
0679721819,23.5
0141184884,27.5
1857988361,22.5
0140253807,39.0
0375704469,34.0
0471468851,33.0
0751531243,20.5
0786888016,35.5
0723249865,39.0
0140442375,11.0
0552148105,20.5
0373802455,27.99
0060739681,33.0
1929068034,35.5
037312418X,18.99
0743456084,17.0
0553586602,30.99
0451143426,14.5
0871401541,17.99
857302710X,25.0
0870232061,14.0
037575797X,38.5
0441317480,29.99
0684837714,20.5
140004281X,17.5
0805080511,23.5
0399146261,15.0
0385090021,22.5
0385721005,27.5
0099474387,28.99
1855495090,13.0
0553587579,30.5
0060527994,34.99
0446526649,23.99
0345355245,30.5
8408064762,25.0
0802133304,23.5
0415183731,23.0
0753817985,13.0
0783554567,31.99
0783554524,37.0
1594160007,13.99
159182155X,39.99
067187778X,22.99
0553560689,36.99
0142437689,30.99
1590170318,37.5
0517174960,13.5
1593080034,38.99
0192753371,34.0
061847790X,13.5
0006511775,39.99
1401202454,34.0
1416503595,13.5
0060740450,20.0
0141180633,29.5
0006482074,31.5
0806133635,10.5
0131494848,27.5
1585678139,15.0
1593553943,37.0
0300106645,39.99
0439651360,33.0
1416903445,12.99
1583225471,20.0
0756400430,17.0
0851115195,10.99
0413728609,27.5
1555834531,31.5
0156028417,10.5
0765305607,33.0
0872864758,36.0
0140448152,15.5
0140446427,30.5
0374530254,21.0
0399142789,31.5
4088736214,19.99
0812966295,25.5
0787960756,19.0
0517552949,38.0
1400078008,30.5
0375761357,12.0
0525467343,22.99
0898705975,31.5
0307001466,35.99
0679732179,37.5
1929519001,30.99
8497935888,22.99
0842356223,32.99
068980444X,32.99
015602764X,26.0
1593974809,21.0
0743471326,17.5
1421505053,33.99
0739340190,10.5
0520215109,12.99
0671797867,16.0
159308336X,14.0
351801434X,12.99
1590171241,10.99
8475173462,20.0
0061171468,26.5
1590864093,10.5
006064589X,37.99
0345440838,16.99
1592220827,27.5
0571219357,37.0
0735619670,25.0
0316066141,33.99
0919123708,11.0
0451527364,19.5
0806118466,15.0
0425141233,22.99
0446692476,32.99
1896597661,34.99
0553580302,10.99
0879100362,30.5
0226805271,13.99
039306011X,38.99
044651666X,32.99
0747563004,22.5
0664241581,27.0
0446691798,10.0
0761501665,22.0
1421508508,21.5
034543949X,15.0
0875526020,16.5
0060502959,16.5
0767911792,10.99
1400095298,11.99
3453215281,15.99
0345461274,22.0
0373285248,10.0
1562802348,21.5
0140367438,38.0
0312306180,13.99
1578633222,10.5
1933615036,11.0
0674824261,14.0
0061020591,22.99
0312320191,28.99
0689848374,25.99
0375707255,14.99
1563892677,13.5
0862032806,25.5
0674992555,34.0
0743496124,37.5
0671769928,34.5
0684867486,36.5
038541580X,19.99
0385333811,21.5
019512121X,38.99
0230008909,30.0
4063405141,22.5
1903436486,19.5
0316059854,13.0
061871166X,32.0
1861891849,10.5
0895260476,35.99
159116222X,10.0
0345323882,38.99
9722329987,26.99
0613572173,12.99
0345465547,23.5
0812970039,32.99
0140158766,31.5
0553381660,13.99
0312313640,38.0
0312352360,14.0
1425462219,26.99
0312930402,27.0
0786856866,31.99
031235777X,28.99
0767912233,32.5
0936077492,22.0
0143037439,23.99
0373895208,10.0
0345395182,27.5
0393325830,15.99
0590444255,37.0
0345483863,27.99
0714531162,32.5
0743243315,34.0
0609810871,12.0
0575402911,25.99
0152046992,21.0
0883683237,20.5
006443494X,30.0
0618642676,17.5
1414305818,10.5
0763619310,19.5
0785821082,11.5
0751536822,17.0
0679783199,17.5
1590303164,36.99
0142437921,32.99
0811848833,36.0
0755301978,22.5
3423118229,31.0
0553582917,18.5
0345459849,23.5
0590988492,23.99
0201408252,10.99
1405117079,18.0
1427802114,10.0
0385017332,31.99
0800793617,36.99
1568028342,12.0
0706432088,31.5
0739326228,23.5
0300094000,25.0
0618619070,21.99
1596980206,38.5
4088734327,36.99
2070709043,33.99
0425180964,32.0
0671792768,23.0
5040019521,39.0
030723827X,29.0
000649689X,17.5
1841591157,14.99
0739344242,35.0
0441328008,28.0
0553483323,39.0
0486451100,31.5
0140443320,29.0
0486226689,39.99
1421509598,32.99
1564781313,34.5
0886774012,27.5
0451454073,24.99
0060845309,16.99
0553587242,26.0
0664229832,13.0
9626343583,14.5
1841156736,28.99
1841952877,34.0
0849945119,28.99
9570823372,13.99
0192805983,10.99
0141187395,32.0
0671524097,13.5
2070401677,25.99
1590525086,35.99
1593080557,11.0
0142407925,35.5
0446676489,24.5
0618212906,18.99
2290319708,26.5
0007104847,16.99
1590171705,22.0
0743464117,21.5
4990327500,11.0
074324382X,32.99
0140447261,22.0
0439405580,29.99
0872203603,12.5
0812927311,20.99
0618710531,39.0
0764222376,20.0
0812564758,33.0
0753819929,28.99
1932416641,31.5
088684049X,11.99
0312425082,32.0
0688003478,25.0
0060882034,37.99
0060598611,31.99
0517146541,22.0
067975833X,23.99
043984777X,14.5
0764543407,10.99
0756402972,33.0
0500282757,10.5
1416507817,27.0
0142405744,20.5
1412086531,31.99
061861169X,31.0
0802431488,33.99
0671704648,23.5
2228897353,10.99
4490249512,12.5
0449213307,35.0
0140621334,14.0
032118274X,32.5
0786000236,24.5
0330244779,29.5
0316016659,29.0
1565048202,27.99
0345476999,22.99
0316907928,39.5
0606105263,18.0
0812035712,24.5
0312321198,11.99
0521618754,21.5
0553452118,32.0
0060851988,36.99
4088728491,35.0
0595377106,37.99
1420927329,32.99
0143036556,23.99
0345434072,25.5
2868050131,17.99
0753453800,15.0
0142302333,10.0
1421510421,37.5
0691115699,37.0
0374131945,22.99
0684850273,10.5
0553571575,16.99
0451410815,25.0
0060096683,37.0
0142002062,33.99
0143038192,36.5
8408041258,19.5
006024416X,26.99
0143037749,36.5
1584281405,16.0
0689869908,15.0
0767907434,32.99
0787968331,38.99
8440699476,29.0
0739332074,33.99
0886777127,27.5
0679643257,23.99
0451452887,24.0
1933397497,37.99
0330375466,12.5
0099269473,35.5
0679423036,33.0
0805210474,25.5
0743457919,34.0
0142000213,32.5
0060840889,15.5
0553588044,29.0
042519499X,15.5
1582349193,30.5
0521476763,31.5
0061205699,15.0
0571169201,21.99
1401203574,10.5
8426131921,25.0
1595550445,10.0
1400096081,22.0
0310258979,26.99
0812234561,35.99
0385721056,31.5
0765311402,10.0
0743286979,38.0
0316545562,23.0
1400095468,39.5
2857044828,35.0
034547242X,22.0
0375758259,32.5
030734813X,13.0
0375727485,12.99
1569709041,20.5
0812034260,23.99
0060763728,29.0
1591794641,32.5
1568821441,25.0
078693770X,19.5
0486440966,19.99
0151001367,23.99
1560978007,26.0
0060973463,36.5
0743284283,15.99
0944092284,38.5
0802136680,31.99
9781903254,10.0
0060511109,14.0
0142437964,18.0
0385333846,14.5
0972851720,32.99
0747230218,15.99
0394931475,38.99
0486202917,38.0
0552146552,10.5
0312311451,36.99
0143039156,20.0
0380977265,34.0
1590172280,20.5
0060850523,39.5
0143036386,21.99
1581821298,22.0
0553574221,20.5
0375758119,23.0
0618339558,21.99
014019553X,24.0
0435122215,30.99
1419542249,37.0
0446603082,21.99
0679729259,14.5
0316545120,10.99
0452269865,35.0
8501011207,36.99
0842360611,14.0
0786714824,10.99
0744004411,27.0
1421501694,10.99
0375725350,25.0
0446695688,33.99
0812532473,32.0
0812966007,37.0
0486218430,10.0
0691019584,15.0
0679736859,10.99
0553157272,18.0
186046565X,16.99
0679729968,22.0
0486402185,25.99
1573226882,31.5
0753459647,39.5
0345492811,37.99
0375422730,15.5
0140447423,24.99
1930901356,13.0
0689878575,36.99
0140018328,24.99
3446187499,31.0
0393320928,13.0
0810915871,31.5
068802372X,22.5
055358295X,22.5
0385732910,17.0
1600100368,35.5
0425194590,13.0
0451529790,16.5
0312352182,20.5
0226735192,17.0
0515110752,39.5
1573225142,24.5
0140309594,24.99
084395499X,14.5
1570671818,13.0
0061196681,16.5
0060572000,22.0
0240805410,39.99
0140042326,24.99
0671741039,26.5
0783554559,29.0
0439291496,26.99
0140230270,17.99
0375803483,30.0
0060512806,16.5
0968303188,14.99
0375831002,39.99
0446691909,32.0
0060737042,10.0
0440241413,26.99
0517542021,17.99
1573241172,15.99
032144146X,18.99
0977880435,27.5
0141441488,33.99
0843946806,17.99
0425207757,11.99
0786931582,17.99
0446677167,25.0
1581345283,25.99
3499222507,30.0
1553651529,28.0
0375702245,23.99
0767900316,13.0
0071422803,30.5
0940450240,24.99
0821775898,38.5
0060916494,25.0
0743466527,23.0
0440238145,25.5
0684873168,17.5
0061152552,38.0
006083577X,23.5
1563898411,28.99
0007157150,16.5
0743260228,38.99
0140817786,30.99
0439405599,33.5
0451219244,33.0
1591168694,22.0
1416927832,37.0
1883011159,31.5
0743202554,20.99
0446611085,37.0
1593354746,20.0
0965013014,29.99
1850522316,14.5
0375725784,13.0
0940450224,25.0
0679801154,33.5
1878825011,25.99
0843955856,26.5
0140444084,30.99
0465070590,27.5
0345323904,13.0
0698117972,21.0
0978655567,27.5
0553285726,26.0
0486452352,11.5
1857236076,14.0
0618479031,26.99
0804114609,20.99
0553813536,31.0
0486297160,22.5
0679890521,38.5
2253033138,38.0
0679600124,16.99
140008279X,19.0
1400307848,26.0
1932361278,22.5
0762412631,10.99
0452284244,29.0
0345441702,19.5
0192801732,24.0
0330485385,23.99
0938497154,13.99
0307263940,16.5
0684826356,24.5
067003777X,23.0
1590300068,37.99
0940450720,25.99
0380731959,24.5
0345484290,21.5
0140110879,20.99
1400076323,24.5
0609808346,27.5
1929001150,24.5
1841493139,16.5
1580174043,14.99
0316166340,11.99
0374529051,13.99
067499583X,32.99
0743223136,18.99
8408068911,38.5
1401303277,23.5
1580931863,34.5
0071467440,23.99
0805081453,22.5
4091255825,31.0
1598160125,29.0
074349170X,17.99
846630679X,17.5
0099486830,19.0
0674705599,34.5
1933110333,13.99
0393324141,29.99
0674991354,29.0
0195162250,19.5
0751506451,31.0
0743491564,37.99
0743497287,26.5
0395500761,36.99
067401636X,15.99
0807588970,30.0
2253141208,30.99
039458404X,29.99
0465014879,25.0
0571206921,33.99
0060732989,37.0
1594731403,15.0
0297843702,18.99
156478214X,17.0
0520213688,17.5
1590301943,32.0
140120242X,22.0
0743206053,10.5
0679722564,28.99
0306813688,24.5
0375829636,39.99
0064462358,19.99
0451527747,25.5
0007175191,16.99
0773491678,17.0
1416546022,37.5
0839731949,10.5
1857150600,31.5
0142003840,10.99
0446677493,24.0
0375422994,15.5
0752876813,19.0
1421503549,20.99
1580070914,28.0
074754624X,27.99
087893720X,21.5
0312361750,12.99
0563535113,25.99
1857880781,11.5
0156421178,37.99
1401910440,26.5
0618445579,24.5
0743518365,38.0
0465007805,22.5
006112009X,10.0
0586210695,16.99
0674995341,21.99
0679740589,37.0
0345314034,32.99
0140363335,33.5
1593076673,11.5
0340850620,16.99
0590058967,36.0
039574010X,36.0
1402714572,38.5
0192802380,30.5
0306804980,25.0
0029221307,38.0
1841580821,26.99
0385732562,14.5
0140714545,17.0
0553502697,25.0
0898709792,35.0
0345455290,11.99
0756403162,24.99
0321399536,29.5
0143036378,39.0
188635085X,33.5
0385729367,12.99
1563890283,23.0
0099474549,38.99
1591164419,26.5
0679732349,37.5
0195125983,19.0
0312423209,16.5
0441013252,37.0
0679781242,33.0
1932416129,13.0
037581423X,39.99
0446677388,19.5
0713912545,25.5
0596009410,15.5
0521618746,29.0
1400097029,15.5
0743436083,27.99
1568363567,30.5
0879100230,38.5
055324356X,20.0
0618718745,37.0
0736903704,19.5
080242855X,30.5
0743487699,22.0
0963625527,10.0
0805079130,37.5
0312878605,19.0
184354167X,33.5
1569473331,17.0
0141305959,17.99
0312935757,37.5
0139567569,13.0
0679731369,35.0
1566915902,17.5
0553299034,35.99
0312966091,36.5
006109398X,16.99
0312875576,32.0
0060987529,38.5
0679731148,38.0
0142002887,37.5
0064401499,21.5
1413480942,30.5
0744005833,24.0
019517013X,37.99
0446600458,15.0
8478889930,34.99
0060846739,13.99
1569716684,30.5
0316724432,36.5
0801870569,36.0
8535905324,28.5
0312422245,28.99
0141185139,28.0
0316955132,34.5
0345483197,10.0
0385314698,24.0
0452011876,29.5
155652482X,28.99
0060759259,18.5
0807050113,32.99
0395290317,11.0
0156028522,33.5
0844631515,37.0
0142000698,37.0
0764226460,10.5
8401321689,10.99
0345477146,27.0
0140442820,15.0
0316926604,27.99
0735200300,24.0
0380789027,20.99
1881475719,13.5
1878825046,29.99
0374518734,19.0
0451528301,37.99
0451203054,11.99
0340917547,16.5
0679455132,21.99
0425058735,30.5
0964991500,25.0
0061127914,19.0
0812695739,39.5
0156031396,17.0
9177129334,39.99
0060765488,31.99
2253060704,20.99
0451409639,34.99
0345450698,12.5
0811202100,35.99
0415283043,31.0
0156028069,24.5
0399148728,39.0
0071391401,36.0
093244055X,37.99
1400075793,16.99
1594831165,29.5
0552997773,19.0
0060528877,36.0
0064420817,16.0
0679752730,35.0
0140247742,19.99
0679740996,13.99
0515123463,15.0
0805080759,18.0
0441011241,32.99
1583377824,28.5
9684324162,15.99
0881031909,28.99
0395517427,26.99
0141183357,21.5
0425214435,34.99
0743275039,34.99
0060924985,10.5
0520071778,19.5
0684838915,34.0
4063634167,28.0
0060916095,39.99
1405161604,10.5
0060524936,36.5
0742632598,22.5
0195119207,26.0
0755301943,17.99
155166951X,22.0
0803494661,16.0
0143037838,23.5
1859843824,31.5
0394729641,38.5
0743202414,30.0
1597818704,24.5
0345345061,13.0
3895086908,18.0
0671039954,19.99
0743418131,16.99
0394757688,12.99
0300084293,26.0
1423100190,23.5
0971357234,34.0
1400042828,34.99
0765342405,29.99
8432216887,23.5
0881792063,26.0
0143039091,26.0
0307264629,11.0
0486201120,16.99
0819564524,28.5
006052510X,38.99
0140231579,16.5
0451218299,25.99
0195023668,24.0
0060574216,10.99
067976674X,20.99
1904341276,28.99
0393975428,24.5
1558745157,30.0
0451217403,36.99
031610969X,28.5
0156032481,17.0
0970481713,23.0
0345418905,16.99
1569803102,38.99
1931082219,34.5
0571217354,26.99
3518399608,33.5
0691013802,21.5
0451528646,29.0
034545328X,11.5
1932958096,21.5
0714831670,27.0
0753453215,23.5
0449911942,25.0
014118020X,18.5
0374525803,16.99
0385334265,22.0
1555533078,21.99
055277183X,27.5
0385731841,26.99
0553290983,10.5
1593077092,15.99
0618574948,28.99
0618654798,15.0
1572704721,33.99
0671010050,26.5
0743253426,25.0
0553211951,29.5
0375752676,17.5
0140159940,16.5
000690601X,10.5
1421506149,25.0
0439375908,26.0
0140444432,26.99
0312423373,22.99
0060519134,18.0
1586170260,25.0
0739844326,20.0
0875011063,10.99
1593074964,35.5
159569045X,13.0
1421505606,26.5
0152956026,10.0
0060747471,20.99
1587671565,38.99
156947124X,21.99
0143038184,12.99
0743487745,16.5
081257236X,30.0
0812971892,19.0
0060511141,34.0
1740594770,31.5
0553233505,37.99
0898794161,20.5
0842361936,31.5
2070322882,11.5
0130977691,10.0
0563494859,15.5
0312971397,32.99
0345414004,31.5
0143039229,35.99
0552151769,26.99
0446580287,20.0
0452009308,11.0
1574889230,25.0
0892812923,18.0
156898619X,27.99
0679742581,24.99
0385662238,33.5
0743449320,19.0
0312937725,13.99
0345449002,33.0
0345362535,33.5
1598870548,22.99
8466318771,11.0
0151012970,37.5
0670886580,19.99
0151012261,37.5
0374519749,16.5
1852402873,39.0
0061129739,12.0
0744586461,19.0
3453190149,32.5
006000181X,35.5
0028621301,34.0
0471738840,28.99
037541620X,24.5
2266102710,35.0
1560064986,23.5
0826453279,21.0
1578064988,24.5
1584858745,27.99
0275991164,12.99
007325035X,29.5
0140153225,19.5
0446691097,37.0
0340774770,39.5
0786282827,29.0
1593761228,16.99
0804717117,33.0
078693669X,25.5
0345476980,21.99
0385497091,37.99
0807050733,31.5
0156031272,32.5
1588990842,28.0
0553381547,21.0
0899421695,36.0
0316925284,37.99
1400043468,24.99
0451527925,14.5
184023380X,12.0
0345470036,34.5
0764559915,18.0
1564782387,34.5
044652641X,16.5
1593074743,26.0
0231082819,33.99
207036187X,25.0
0195181301,25.5
0156004801,10.99
0142300195,27.0
1416905278,33.5
0684843323,34.99
006075740X,16.0
0874808006,29.5
0743444043,30.5
1400034949,27.5
0394604806,30.0
1845203348,27.5
0192824546,27.99
0521774330,33.0
0312317085,10.5
1416516859,34.5
0783554591,21.99
0062516590,14.0
0679768092,14.5
0226327701,33.99
1561706604,12.99
1585677280,29.99
0064401480,16.99
0275942694,32.99
0375758623,31.99
0679726098,35.5
0285635948,28.5
041537846X,21.5
8466302298,18.5
0739341774,13.99
0743496167,26.99
0062513346,26.99
0684809664,38.0
1585361615,29.5
1596057734,26.0
0712311025,21.5
0060556501,32.5
0141180307,21.0
006440630X,10.5
0521431085,37.99
1563899884,29.0
0425058190,12.0
0440418224,18.99
0525364102,16.5
0060595361,11.0
1883011183,22.99
1568651376,11.99
0192802593,16.5
0758215045,14.99
1568821786,33.5
0060977493,14.99
0140189386,12.5
0440243068,33.5
345316413X,22.99
0873515129,32.5
1904316344,20.99
9500425998,36.5
0060934344,24.0
0520024796,34.99
0375713344,10.99
0552548227,21.5
0691017387,13.99
1559362901,35.5
0802135587,20.5
0060543523,30.5
0380817160,21.99
0765315084,33.99
1853754153,19.0
0226500667,33.99
0753821869,38.99
0440402913,36.99
0310214696,12.5
0425211894,29.99
0679747192,28.5
0201500647,39.99
1568821816,36.99
0380405199,26.5
0816643008,16.5
0812521358,22.5
0375823786,27.99
0140443940,12.0
0786809280,25.0
0312424442,14.99
0385492162,10.5
0670030791,24.99
0060934433,21.5
0312361785,26.5
0142002720,14.5
0441013724,26.0
0385336950,23.99
0743243153,32.0
0743265696,16.99
0141007451,25.0
0060844094,34.99
1854596012,25.99
0007111509,33.0
0156027593,34.0
0886771285,11.0
0425165582,24.0
0486270572,39.99
0571207081,28.5
0060878827,34.0
0800631285,12.0
1406955817,29.0
0312364520,34.99
0805832890,16.5
2010189140,28.99
0684844079,16.5
0061098019,13.0
0872203492,30.5
0330353829,15.5
0745628478,36.99
1401211984,11.99
0698118758,26.99
0786887176,36.0
0806509023,15.5
159853002X,38.0
0064408582,25.5
1888297018,38.0
0253202175,10.5
0618537252,34.5
074328500X,36.0
0865475091,13.99
055357812X,35.5
8497934326,17.99
0395515971,15.5
0312873123,25.0
0761512195,17.0
3570211029,31.99
0843955007,38.5
000649045X,12.0
0312352352,17.99
0873388240,15.0
0879757450,16.5
0300101627,35.0
0060092572,29.99
0060816198,28.0
0553144383,19.0
0060088745,10.99
1845760182,24.5
0312265050,32.0
0374504849,26.5
0961392169,39.0
0684837935,18.5
0310330513,21.5
0803292457,31.99
0810935937,30.99
0385335679,20.0
0061124265,22.0
0671519182,16.0
0345339304,35.5
141690817X,39.0
0061234001,35.99
0425183319,34.0
0679745130,19.0
4088732324,39.5
0440416884,32.99
1860429165,30.0
0060976101,39.99
0553804324,16.5
1563891891,33.5
0140447970,32.0
0099458268,37.99
1579546463,25.0
0425103641,28.5
0687002826,15.0
0195325923,20.0
0226307948,38.5
0671732471,26.99
0553587072,33.0
0785119272,12.5
2253000043,19.0
1413901468,22.5
0738209279,24.99
0385325339,14.5
0060934913,20.0
071484330X,33.5
0140298517,30.99
068809368X,20.0
9875801445,31.5
0425214923,33.99
1892391368,22.5
0472080520,11.0
0486286568,17.0
0061137367,16.0
1599982935,22.99
1400034620,34.5
0915144921,35.99
1899791663,16.0
0743280547,33.99
1400047862,29.0
074345314X,36.99
0441788386,24.5
0060013133,23.5
034547063X,21.5
1862073295,18.5
089281800X,24.5
0785124977,33.5
0061122181,39.99
0024288101,18.99
0441013678,13.99
0131551132,21.0
0156508877,31.0
0515068705,34.0
1586215809,37.99
0679730044,23.99
0451166582,36.5
0312354606,13.5
1591161290,19.0
037377138X,31.99
1563894475,14.5
0385490623,20.0
037582748X,27.0
0872201686,10.0
0727845640,33.5
1565847040,28.0
0393960692,37.99
0859652769,34.99
0744006457,26.99
0393316041,32.5
0567044718,19.0
0441009654,18.99
0141004924,24.99
031026345X,11.0
0446617679,10.99
0971316821,14.0
1593978863,18.99
1551117223,27.0
069101597X,13.0
1585672750,24.0
1400030773,12.99
1423600762,35.99
0425207366,21.0
0099474395,28.5
0849911885,20.5
0345484304,17.99
1904271359,34.5
0495006858,25.99
0156421356,15.0
039330857X,11.99
0761316434,27.99
0075536390,14.5
0618070230,32.5
0143039652,26.0
1557344035,25.0
0618510826,19.5
0439700884,11.99
0593047508,23.5
0099448572,39.99
0345449029,36.99
0312291566,20.0
0141008253,30.99
0843946334,12.99
009992840X,32.0
0679431322,14.99
0439343909,26.99
8433924710,28.5
0333581296,21.5
0393002314,12.5
0439709105,24.5
0525948929,18.0
3829601867,29.99
1565849426,18.5
0394705122,37.99
0684829452,29.99
0517164353,15.99
0345253590,14.0
0312266057,34.0
0713997273,25.0
0689837143,38.0
039541685X,19.99
0553299611,19.99
0061051586,10.99
0679725407,20.0
1563892278,33.99
067155302X,33.5
0425204200,34.5
1888472421,20.5
0345461614,37.5
0747566828,17.0
0879977647,23.99
0060882603,28.0
0375431535,18.99
0140620478,19.99
8497644743,20.5
0515100536,35.99
0747556407,38.99
0515139734,32.0
086516584X,38.5
1594830207,24.99
0765345013,20.5
0743209516,22.0
0156031639,17.0
0375704051,27.5
9875661708,28.99
0689855923,24.0
061870986X,38.0
0345461622,35.0
0684854759,10.5
1416505415,12.0
061861916X,30.5
0812538838,10.0
0521532477,12.5
3764501359,14.5
0060581069,16.5
0060513063,29.99
0812975936,12.99
0226500624,25.99
0674940520,32.0
0399153594,24.5
0618009345,16.0
0446612731,27.0
9707707763,27.0
0439681308,15.5
0743275012,13.5
0670044369,28.5
0553210599,32.5
034541005X,11.0
0679643524,14.0
0143039075,39.0
0312864744,15.99
031213214X,39.5
0060791217,37.99
0140446362,35.99
0060788380,35.99
0316955124,26.99
0140374388,16.5
0756404053,15.5
0743564413,19.99
075640360X,34.99
0937832383,27.99
3404149475,27.99
1400034256,25.0
1857237250,30.99
0752817000,25.5
0394577299,27.99
0887847447,14.5
0240807383,31.99
0156260379,17.5
0805209069,18.99
067153467X,28.0
0886775140,35.99
0743461517,34.99
1585100374,12.99
0872201775,20.99
159307736X,16.0
0449002411,24.99
0747573646,25.99
188301154X,27.5
1573223204,28.99
0743480716,34.5
0415278481,23.5
0521643864,17.99
1860467768,28.0
0312181337,27.99
0786927003,25.5
0674995864,33.99
1932857001,19.5
0486428400,11.0
0373692285,29.5
0771008740,20.5
1930846398,20.0
0851708706,12.0
0375413901,33.5
0140014454,37.0
1400064899,39.5
0802131557,15.99
1577658035,39.0
0393703274,13.5
1421509571,37.0
0553588192,26.5
0141439971,15.99
1591164850,25.0
0349105308,16.0
0471409766,28.5
0670831743,37.0
067103443X,23.0
0563496266,33.5
014024350X,35.0
0613359607,10.5
0500810192,31.0
0582461537,12.99
0844662925,34.5
0143037676,33.99
068981836X,10.5
0791063372,15.99
0373802471,33.99
0486440117,39.99
0886776120,16.0
1929610254,35.99
0375411690,27.0
0618257764,17.99
0896892026,30.5
0140449744,15.0
1563896001,20.0
006077407X,38.99
1406503436,17.5
1400079616,26.5
1590526872,22.5
1421510669,26.99
055380491X,22.0
159413023X,27.99
0553382047,25.5
0689835612,23.99
0758210949,20.0
0525464824,24.0
0061096849,36.99
0300082401,12.5
0812969901,30.99
0141001828,38.5
0345461460,21.99
0786856289,29.99
0465016901,31.99
0446612545,11.5
1586633791,23.99
0312349486,38.5
0517199963,39.0
0689873190,20.5
0142300845,22.5
0886776619,23.5
0751506435,36.5
0425187055,16.0
1591162866,19.5
0060977086,26.99
014243776X,21.0
0099481561,38.5
0393321630,24.99
0064300897,18.99
0743422074,17.99
0060525126,13.5
0452266629,20.99
0192835432,10.99
2226135510,39.0
0786845031,30.0
174104295X,16.99
0552998680,18.5
0394431243,39.5
1569755663,23.99
1586633589,26.0
0439846757,26.0
0965307794,35.0
1931541744,33.99
0192839632,25.5
0575073608,38.99
014243728X,38.99
1598161997,10.5
0143039938,38.5
0743251008,30.99
1852339462,33.0
0714833657,27.5
1426423705,20.99
0142001341,18.99
0425058506,36.99
0743275063,13.0
0446912069,13.5
0394800915,17.5
0747553467,27.5
1400065550,33.99
0822003902,18.5
0060826584,27.0
140007780X,39.99
1597221287,32.0
0345448146,12.0
0743418719,17.0
0847826465,36.99
0316910333,38.5
0375727582,37.99
0060853972,17.5
0375753117,34.5
0679733841,11.0
1556612001,33.5
0830832947,23.0
0865164711,28.5
0440419174,32.5
0521294304,20.0
0007158513,35.0
0521825148,31.0
1860467210,20.5
0451212924,27.99
067972477X,38.5
0563388323,22.0
0563388544,24.5
2723431029,29.99
0307350509,25.5
0843175044,16.0
039396292X,14.0
0316614564,32.0
0810117304,25.0
0752858505,19.5
1583224718,23.99
0064410935,11.5
0812555112,32.0
1570671044,26.99
0878053573,13.0
3492236553,30.0
1573227951,17.0
0345368436,39.99
0399154248,21.0
1401302203,39.0
0140441050,29.0
006078721X,21.99
0671046241,30.99
0345461533,15.0
0192839659,16.0
0965079929,12.99
1903436338,33.0
1593080182,35.5
0393312763,35.0
0609804243,21.5
0316735167,26.5
0575402903,20.0
1932382720,36.99
1593081928,33.0
1401210619,16.99
0007153589,11.0
0553295004,15.5
0375756868,22.5
0877887268,17.99
006113967X,38.99
0226066665,36.0
0691120048,10.0
0439672325,13.99
0156029022,18.99
0849917735,17.5
015636090X,14.0
0764586718,15.99
1586638467,30.99
0140366601,31.99
0060851899,27.5
0192854178,15.99
0060278420,27.5
1596911042,30.99
0385721277,21.99
034547824X,30.5
0142301515,27.5
0618391134,36.99
0679424784,31.0
0345463099,30.0
0679721975,14.0
0375701885,28.0
0425204030,20.99
0933121261,28.99
1565117727,18.99
0807085731,12.99
0786715790,33.99
0439080940,39.99
0385423756,30.0
022407265X,16.99
0374525862,12.0
031215125X,13.0
0143039997,14.5
0316030899,24.0
0312890389,30.99
1857233948,39.5
0802150616,11.5
0374525757,19.0
0531071669,33.0
077832026X,24.5
0060566108,14.0
0140445145,34.0
0143058320,12.99
0440391547,24.99
0439401879,12.0
1569714886,14.5
1932796789,24.5
1565891740,16.0
382960226X,27.0
1400079276,25.5
0345409469,33.5
0345480600,36.99
0679761063,10.0
0307266613,36.99
0140283382,19.99
055323370X,26.0
0814326110,21.99
0142000701,14.5
0886778573,20.99
1401307787,18.99
0345316509,29.5
0330487140,30.0
0307275698,14.0
0684866226,21.99
0374522596,36.5
0618586458,32.0
0307343111,31.99
0060931671,27.5
0452286530,21.0
0345472454,33.0
075821409X,15.5
0393061639,12.99
0060885386,36.0
1589943074,17.99
1400095816,35.5
0879232153,23.0
0060788194,32.0
080508052X,15.0
0060545615,19.5
0439651409,39.5
0060254920,18.5
0767920740,36.0
0007149123,37.5
0723258058,37.5
0812532635,36.99
1416505490,20.0
0141311495,26.0
068484611X,11.5
0786864028,23.99
0674995600,23.5
0440220459,23.99
1580420818,39.99
0823408817,27.0
0143039792,14.0
1931082634,33.99
1884365302,12.5
1402726635,25.99
0399148701,27.5
067077605X,27.5
1566993237,37.0
1571458689,37.0
0977312798,13.5
0142004820,10.5
0736909524,33.0
0441272320,17.99
0679643419,37.0
0446602485,33.5
0312088477,14.0
0316917338,12.0
0486272664,39.0
186046095X,29.0
0670038164,23.99
031232118X,33.5
0449005577,37.5
0393329291,31.0
8483103311,10.99
0618436634,17.99
0393002039,33.99
0415253896,13.0
038531177X,15.0
0452282829,18.99
0060787112,37.99
0072920963,30.0
0310272661,11.0
0425179613,22.99
0226307840,24.99
0261103288,35.99
0946487502,27.99
0618329676,24.99
0231118953,38.0
0060989157,25.5
1560600802,35.0
0553383825,19.5
0805427317,13.99
0060748125,15.5
9722330551,24.0
2831557437,15.0
1421509237,38.5
0195061667,36.0
0394417755,35.0
1594839417,30.0
1416917462,13.0
0553589490,39.5
0156001411,36.0
067429503X,19.0
2266129376,11.99
015173156X,23.99
0679643362,21.99
1572705329,29.5
0345452518,35.0
0393927547,33.99
0060582545,36.0
0571207995,30.99
0345376048,32.0
0553175262,27.99
1557344493,30.99
0340837942,27.5
0345422910,28.0
1400033411,14.0
0553258478,16.5
0307237206,23.0
1577948262,18.5
0262540371,25.0
014050978X,19.5
0930330013,16.99
0520234413,32.99
0141012250,34.5
0803729782,35.99
034911188X,10.99
057120211X,12.5
0060090383,38.99
0140434259,39.0
0801435307,25.99
0064470652,15.5
0757305458,35.99
0618339248,32.5
1844494241,33.5
156931019X,11.0
0767920090,28.99
1892062437,28.0
0744005612,30.0
0394704371,23.5
0312426437,39.5
1590526856,35.5
0446696137,35.99
0385487185,17.99
0671639617,25.99
0521290600,15.5
0747267448,38.0
1595322353,35.5
0517391732,29.5
1421513684,28.0
0316955175,16.99
0872205460,37.5
0679738959,25.5
0571192521,10.99
3548254357,39.0
0441014437,34.0
1564783936,37.0
0439993857,31.99
0739342770,30.5
0312425945,33.99
0312421974,21.0
0060518650,28.5
140004474X,19.99
0060225351,23.0
0307277763,19.99
0743477154,30.5
0316954411,19.0
0141010312,32.0
0743482824,17.5
0719071151,29.5
1572307021,12.99
0140317201,13.0
089658321X,17.99
0312425023,20.99
0613608704,21.99
0679409963,33.0
0099478420,25.5
0812590104,13.0
0345487664,16.5
159355558X,28.5
0060519568,39.5
0192752537,22.5
9042003405,39.0
0060535032,28.0
0743262131,10.0
3462032178,15.99
0441172695,13.5
0743484878,35.5
0485006073,12.0
1567408346,39.99
0743470125,16.99
0425208915,14.0
0881885959,23.0
8466302204,32.0
0099498588,30.5
0879977663,38.0
0340837950,11.0
0340823372,33.99
0812967941,28.0
014303605X,25.5
057120175X,38.0
014118549X,23.99
0515130990,27.5
0140367381,17.5
3404134117,31.99
048645049X,38.99
0812550757,22.99
0385418132,37.5
1931382697,14.99
1840460644,21.99
0747569134,23.99
0375724958,25.5
0140447601,31.99
0026995018,13.99
0140449337,33.0
0446608890,29.5
0743428188,24.5
0786943335,14.5
0471430455,28.99
1416500189,30.0
0449452697,15.99
0452281253,34.0
1581950063,31.5
0451621603,11.0
9681317084,20.99
0394746236,26.5
0590100564,18.99
1598161989,17.99
9684581149,38.99
0521657296,15.5
1587150794,15.0
0778322734,27.0
0451173317,36.99
0449702022,12.99
1421506300,19.0
0340766166,34.0
0312989385,18.0
0847827372,36.0
0395883970,17.0
0064400964,18.0
1591164842,12.99
0385491735,12.5
0515133086,31.5
0434008176,17.5
0007121008,23.0
0425198006,14.99
020161622X,28.0
0451456815,17.5
0451528611,36.0
0141187565,33.99
0393962938,16.5
055329783X,27.5
1840025956,23.0
0385515502,31.99
1905177046,24.5
0142180092,33.5
0786813857,21.5
0671877666,36.0
0345478843,17.0
0743477367,19.5
0330488155,26.99
0553409689,29.0
014026566X,39.5
1593979266,38.0
1400033179,33.99
1842322761,26.5
0380759497,39.5
0316735647,34.0
0806128941,23.5
0310252199,32.99
0385471475,23.99
0395959918,20.5
0321427130,25.0
0385517238,11.0
0812555244,29.99
207071523X,21.99
0060920645,28.99
014044209X,34.99
0439114284,36.5
0701176814,28.5
0156030489,22.5
0451530306,14.99
0060507772,37.99
0425147517,35.99
0060731303,15.5
0071451382,32.0
0755323009,12.5
0425214591,23.0
0786710659,16.5
0345495845,24.99
0375832211,16.0
0671743074,11.99
0198320566,26.99
0142003719,27.99
0814749763,34.99
0330481916,17.5
1903436613,10.0
1568821573,10.5
0517223627,24.99
0842356290,13.99
0300091699,30.99
0679772642,20.99
0520024273,21.0
0451219597,13.0
0373288565,35.5
0553587064,31.0
009917331X,34.0
0140234446,19.0
0425195481,11.0
006053916X,25.5
0307262995,35.0
3804417833,18.5
0446611239,16.99
0060506989,30.99
0060935553,24.99
0394846974,35.99
0679783369,30.0
0061228745,14.99
1857989341,39.99
0761417109,19.5
0142001805,26.5
0553214322,33.5
8172235224,30.0
055321344X,30.5
0830743073,24.5
1401207553,13.5
0373033664,39.5
1416525513,15.99
026257103X,39.5
0552998877,15.5
0313309337,30.99
0521406773,36.0
0824512596,14.99
0394862546,36.5
0061120251,23.99
0553561588,39.5
0380720442,33.99
0517100789,22.99
0064402452,32.99
0743219570,20.0
0486282228,33.99
0439994128,36.0
0064461963,27.0
0744520053,24.99
0192840509,19.99
0679433139,16.99
1567922694,11.5
9833346685,24.5
0671854054,14.0
0192804782,14.99
1400098041,34.5
0862786029,18.5
0141439610,15.5
045052468X,34.0
1903436311,12.99
0425182878,24.5
0452273374,25.0
0810117495,38.99
0345471830,11.5
0142001740,13.5
0345480287,19.5
0385321988,23.5
0761452427,25.0
1581150377,30.5
1857151925,34.5
0936184728,32.0
0340734019,29.0
0449911802,21.0
0307344673,10.0
0380731819,26.5
0465092845,15.99
1740599241,29.0
0156028794,17.5
0812552849,17.5
074723891X,10.99
0349102503,19.99
1581348096,30.5
0618574972,19.99
0345478169,32.5
0590956183,16.99
1400079853,28.5
1569246815,35.99
0321365208,20.99
1572705647,21.0
1888472405,19.5
0486451402,15.99
1585672777,19.99
400,1.88
401,3.5
402,2.0
403,4.25
404,2.34
405,2.68
406,3.0
407,4.0
408,2.34
409,2.75
410,3.75
411,2.25
412,3.5
413,3.5
414,1.75
415,5.0
416,6.05
417,9.25
418,13.58
419,13.58
420,13.58
421,3.0
422,2.5
423,4.0
424,3.75
425,4.0
426,3.5
427,4.25
428,5.0
429,2.5
430,3.75
431,4.0
432,4.25
433,3.5
434,3.0
435,2.5
436,4.0
437,3.75
438,4.0
439,3.5
440,4.25
441,5.0
442,2.5
443,3.75
444,4.0
445,4.25
446,3.5
447,3.0
448,2.5
449,4.0
450,3.75
451,4.0
452,3.5
453,4.25
454,5.0
455,2.5
456,3.75
457,4.0
458,4.25
459,3.5
